product_id,mrp,RAM,Form factor,Item Weight,Screen Type,Battery Power (In mAH),Inbuilt Storage (in GB),Battery type,Phone Warranty (months),Items Warranty (months),length,width,height,camera_count,cam_has_AI,cam_has_OIS,cam_has_Zoom,cam_has_HDR,cam_has_Macro,cam_has_Portrait,main_camera_MP,os_name,os_version,os_go?,is_success
B09TWDYSWQ,15999,6,4,215,26,6000.0,128,1,1,6,16.5,7.7,0.9,1,0,0,0,0,0,0,12,0,12.0,0,1
B0BZ479WZD,10999,4,6,190,26,5000.0,64,1,0,6,16.6,7.6,0.8,1,0,0,0,0,0,0,12,0,13.0,0,0
B0BMQSF1M4,9499,3,0,189,20,5000.0,64,2,1,6,16.4,7.6,0.8,1,0,0,0,0,0,0,12,0,12.0,0,0
B07WJW747N,12999,4,0,183,26,5000.0,128,1,1,0,16.4,7.6,0.8,1,0,0,0,0,0,0,12,1,28.0,0,0
B0BMQS9NVT,12499,4,0,189,20,5000.0,64,2,1,6,16.4,7.6,0.8,1,0,0,0,0,0,0,12,0,12.0,0,0
B0B449C737,13999,4,0,187,20,5000.0,64,2,1,0,16.4,7.5,0.8,1,0,0,0,0,0,0,12,0,12.0,0,0
B082F2T5PQ,18999,8,0,188,26,5000.0,128,2,1,0,16.0,7.3,0.8,1,0,0,0,0,0,0,12,0,13.0,0,0
B0BQ3MMPX6,16999,128,0,188,13,5000.0,4,2,1,6,16.6,7.6,0.8,1,0,0,0,0,0,0,12,3,13.0,0,1
B09LHX1YFX,18499,8,4,195,26,5000.0,128,2,1,6,16.4,7.6,0.9,1,0,0,0,0,0,0,12,3,12.5,0,1
B09ZBF5Y4J,13999,4,0,195,26,5000.0,64,1,0,6,18.4,9.8,6.5,1,0,0,0,0,0,0,12,0,12.0,0,1
B0BZCSNTT4,14990,6,0,206,26,6000.0,256,1,1,6,16.7,7.7,0.9,1,0,0,0,0,0,0,12,0,13.0,0,0
B0C14MRRVN,14999,8,7,193,26,5000.0,256,2,0,0,16.4,7.5,0.8,1,0,0,0,0,0,0,12,0,13.0,0,0
B0BBH4C5KT,9999,4,0,201,26,5000.0,4,2,1,6,16.4,7.6,0.9,1,0,0,0,0,0,0,12,3,13.0,0,0
B0BBN3WF7V,5699,2,0,192,26,5000.0,2,2,1,6,16.5,7.7,0.9,1,0,0,0,0,0,0,12,7,11.0,0,1
B09GFLXVH9,139,2,0,194,32,5000.0,32,2,1,6,16.5,7.7,0.9,1,1,1,1,1,1,1,13,3,12.0,0,1
B09FLYW7FG,5199,2,0,157,29,3000.0,16,1,1,6,14.8,7.2,0.9,1,1,1,1,1,1,1,5,0,11.0,0,1
B0BZ8W9XQW,5490,2,6,400,26,3500.0,32,1,1,0,15.0,10.0,5.0,1,0,0,0,0,0,0,12,0,10.0,0,0
B09S3W77PT,5499,2,1,187,18,3100.0,32,1,1,6,14.7,7.3,1.0,1,0,0,0,0,0,0,12,0,11.0,0,0
B09S3X9VXX,7048,2,1,192,26,5000.0,32,2,0,0,16.5,7.6,0.9,1,0,0,0,0,0,0,12,0,11.0,0,0
B0BJ2YKLHM,9499,3,1,191,26,5000.0,32,2,0,0,16.4,7.6,0.9,1,0,0,0,0,0,0,12,0,12.0,0,0
B0BNBZRRJM,8998,3,0,210,26,4000.0,32,2,0,0,16.5,7.6,0.9,1,0,0,0,0,0,0,12,0,12.0,0,0
B09JGCFLGY,7049,3,0,192,26,5000.0,32,2,0,0,16.5,7.6,0.9,1,0,0,0,0,0,0,12,0,11.0,0,0
B0B1QH8RMV,5999,3,0,198,26,5000.0,32,1,0,0,16.4,7.6,0.9,1,1,0,0,0,0,1,8,0,28.0,0,0
B09RV7G1XQ,6999,4,0,90,26,5000.0,64,1,0,0,16.4,7.6,0.9,1,0,0,0,0,0,0,12,0,28.0,0,0
B09RV75JJM,7999,6,0,90,26,5000.0,64,1,0,0,16.4,7.6,0.9,1,0,0,0,0,0,0,12,0,28.0,0,0
B08RWNQJVL,9449,4,0,200,19,22.0,64,1,0,0,77.0,9.0,1.65,4,0,0,0,0,0,0,12,0,28.0,0,0
B09RV5YBJW,6710,4,0,90,26,5000.0,64,1,0,0,16.4,7.6,0.9,1,0,0,0,0,0,0,12,0,28.0,0,0
B08RDMBPDK,7998,4,0,188,26,5000.0,4,1,0,0,16.5,7.6,0.9,1,0,0,0,0,0,0,12,0,10.0,1,0
B091J15RHZ,10990,4,0,200,19,22.0,128,1,0,0,77.0,9.0,1.65,1,0,0,0,0,0,0,12,0,28.0,0,0
B09RV799HF,6799,4,0,90,26,5000.0,64,1,0,0,16.4,7.6,0.9,1,0,0,0,0,0,0,12,0,28.0,0,0
B0BW5QRCPG,5699,2,7,179,20,3000.0,64,1,1,6,16.1,7.4,0.9,1,0,0,0,0,0,0,12,0,12.0,0,0
B0BXLPY5WW,6299,2,0,207,26,6000.0,64,2,0,0,16.4,7.6,0.9,1,0,0,0,0,0,0,12,0,12.0,1,0
B0BTLJM8MS,6999,3,7,190,26,5000.0,64,2,0,0,16.4,7.6,0.9,2,1,1,1,1,1,1,12,0,12.0,0,0
B0BRNM8ZPJ,6999,3,7,190,26,5000.0,32,2,0,0,16.4,7.6,0.9,2,1,1,1,1,1,1,13,0,12.0,0,0
B0C14P16QR,12999,4,7,202,26,5000.0,4,2,0,0,16.44,7.55,0.84,1,0,0,0,0,0,0,12,0,13.0,0,0
B0C14PV6WY,12499,8,7,208,26,5000.0,8,2,0,0,16.84,7.62,0.84,2,1,1,1,1,1,1,50,0,13.0,0,0
B0BX9YM275,11999,8,7,213,27,6000.0,128,2,0,0,17.1,7.8,0.9,2,1,1,1,1,1,1,50,2,12.0,0,0
B0C14LHTL7,11699,8,7,190,26,5000.0,128,2,0,0,16.4,7.5,0.8,1,0,0,0,0,0,0,12,0,13.0,0,0
B0BWSFX131,7999,4,7,190,26,5000.0,64,2,0,0,16.4,7.6,0.9,2,1,1,1,1,1,1,13,0,12.0,0,0
B09MWCWRMP,8499,4,7,196,27,5000.0,64,2,0,0,16.9,7.7,0.9,1,0,0,0,0,0,0,12,2,7.6,0,1
B0BX9BDG4Q,8999,6,1,203,26,5000.0,128,2,0,0,16.5,7.6,0.9,1,0,0,0,0,0,0,12,0,12.0,0,0
B0BZCSMP95,13990,4,0,206,26,6000.0,128,1,1,6,16.7,7.7,0.9,1,0,0,0,0,0,0,12,0,13.0,0,0
B0BYN48MQW,8799,64,0,192,26,5000.0,4,2,1,6,16.9,7.6,0.9,1,0,0,0,0,0,0,12,3,13.0,0,0
B0BMGB2TPR,7749,4,0,188,26,5000.0,64,1,1,6,16.4,7.6,0.9,1,0,0,0,0,0,0,12,0,12.0,0,1
B0BY8JZ22K,19999,8,6,195,26,5000.0,128,2,1,6,16.6,7.6,0.8,1,0,0,0,0,0,0,12,4,28.0,0,1
B09WQYFLRX,18999,6,6,195,26,5000.0,128,2,1,6,16.4,7.6,0.9,1,0,0,0,0,0,0,12,4,28.0,0,1
B0B3CPQ5PF,28999,8,0,190,13,4500.0,128,2,1,6,15.9,7.3,0.8,1,0,0,0,0,0,0,12,4,28.0,0,1
B08VB57558,29990,8,4,190,13,4500.0,128,1,1,6,15.98,7.45,0.84,3,1,1,1,1,1,1,12,0,11.0,0,1
B094W56F6B,24109,8,6,430,13,4500.0,128,1,0,0,16.0,7.5,0.8,1,0,0,0,0,0,0,12,0,28.0,0,0
B0893F6H3Q,26149,8,6,163,13,4000.0,128,2,0,0,15.2,6.9,0.8,1,0,0,0,0,0,0,12,0,10.0,0,0
B08K3JC5JJ,56299,12,6,208,31,4500.0,256,1,0,0,16.5,7.7,0.8,1,0,0,0,0,0,0,12,0,10.0,0,0
B08LRDK2XD,48799,8,4,202,13,4800.0,128,1,1,6,16.1,7.6,0.8,1,0,0,0,0,0,0,12,0,10.0,0,0
B0BYNBXP3S,35999,8,6,177,13,4500.0,128,1,0,0,15.57,1.55,7.45,1,0,0,0,0,0,0,12,0,12.0,0,0
B0C1Z8WTS6,32941,8,5,310,13,10.0,1,5,0,0,18.0,7.0,7.0,1,0,0,0,0,0,0,12,0,12.0,0,0
B0BXD5ZZQ5,30999,8,0,198,13,5000.0,128,1,1,6,16.1,7.8,0.8,1,0,0,0,0,0,0,12,0,13.0,0,0
B0C1ZJG98Z,32900,8,5,310,13,12.0,16,5,0,0,18.0,7.0,7.0,1,0,0,0,0,0,0,12,0,12.0,0,0
B0844592J8,38999,8,7,163,11,4000.0,128,1,1,6,15.2,6.9,0.8,1,0,0,0,0,0,0,10,0,10.0,0,0
B07KXBVLRW,39490,8,7,175,13,4100.0,128,1,1,6,15.8,7.4,0.8,1,0,0,0,0,0,0,16,0,9.0,0,1
B07KXCH2FP,31990,8,7,157,13,3400.0,128,1,1,6,15.0,7.0,0.8,1,0,0,0,0,0,0,16,0,9.0,0,0
B07PQ7DLVP,55990,12,7,196,10,4300.0,256,1,1,6,16.2,7.7,0.8,1,0,0,0,0,0,0,10,0,28.0,0,0
B08HPQ61CQ,36049,8,4,192,7,4300.0,256,1,0,0,16.2,7.5,0.8,1,0,0,0,0,0,0,12,0,10.0,0,0
B07PP2JD3V,39387,8,7,168,13,3500.0,256,1,1,6,15.1,7.2,0.8,1,0,0,0,0,0,0,12,0,9.0,0,0
B07CTH4JD4,34999,6,7,189,9,3500.0,64,1,1,6,15.8,7.4,0.9,1,0,0,0,0,0,0,8,0,8.0,0,0
B086KCCPBR,30990,3,7,190,1,4500.0,8,1,1,6,16.0,7.5,0.8,1,0,0,0,0,0,0,5,0,10.0,0,0
B0C24CWJ2K,32889,8,5,310,13,10.0,1,2,0,0,15.0,7.0,7.0,1,0,0,0,0,0,0,12,0,12.0,0,0
B0BXD5XVW1,32999,8,0,198,13,5000.0,256,1,1,6,16.1,7.8,0.8,1,0,0,0,0,0,0,12,0,13.0,0,0
B0BXD3F6PC,38999,8,0,202,13,5000.0,128,1,1,6,15.8,7.7,0.8,1,0,0,0,0,0,0,12,0,13.0,0,0
B0B4S3283N,41999,8,0,181,13,5000.0,128,1,1,6,16.4,7.6,0.8,1,0,0,0,0,0,0,12,0,12.0,0,0
B08LRCMWLL,49799,8,4,202,13,4800.0,128,1,1,6,16.1,7.6,0.8,3,1,1,1,1,1,1,12,0,10.0,0,0
B09SH88XFC,69999,8,0,195,13,4500.0,128,1,1,6,15.7,7.6,0.8,1,0,0,0,0,0,0,12,0,12.0,0,0
B0BD4KGS23,52999,8,0,167,13,3700.0,128,1,1,6,14.6,7.1,0.8,1,0,0,0,0,0,0,12,0,12.0,0,0
B09SH9D45B,50039,8,0,167,13,3700.0,128,1,1,6,14.6,7.1,0.8,1,0,0,0,0,0,0,12,0,12.0,0,0
B0BT9DVZLZ,79999,8,0,168,13,3900.0,256,1,1,6,16.5,7.5,0.9,1,0,0,0,0,0,0,12,0,13.0,0,0
B0BQJLCQD3,56999,8,6,205,13,5000.0,128,2,1,6,16.3,7.5,0.9,1,0,0,0,0,0,0,12,4,28.0,0,1
B0BZCG8FNL,88888,12,7,299,13,5000.0,256,2,0,0,15.9,1.4,0.7,2,1,1,1,1,1,1,50,0,13.0,0,0
B0BY8PYVS6,74998,8,0,168,13,3900.0,128,1,1,6,14.6,7.1,0.8,1,0,0,0,0,0,0,12,0,13.0,0,0
B0BR88WGC5,49999,12,7,218,13,5160.0,256,2,0,0,16.5,7.3,0.9,1,1,0,0,0,0,1,50,2,12.0,0,0
B0BZWCJDRB,20999,8,0,188,13,5000.0,8,2,1,6,16.6,7.6,0.8,1,0,0,0,0,0,0,12,3,13.0,0,1
B09ZBFNJ2X,19499,8,0,181,13,5000.0,128,1,0,6,17.5,9.1,6.9,1,0,0,0,0,0,0,12,0,12.0,0,1
B0BS162BQ3,16499,4,0,202,26,5000.0,64,1,1,6,16.8,7.8,0.9,1,0,0,0,0,0,0,12,0,13.0,0,0
B0BPGSCPV5,11999,4,0,192,26,5000.0,64,1,1,6,16.4,7.6,0.9,1,0,0,0,0,0,0,12,0,11.0,0,0
B0BXCZNH3B,40999,8,0,202,13,5000.0,256,1,1,6,15.8,7.7,0.8,1,0,0,0,0,0,0,12,0,13.0,0,0
B0BS193NXQ,22999,6,0,197,26,5000.0,128,1,1,6,16.5,7.7,0.8,1,0,0,0,0,0,0,12,0,12.0,0,0
B0BV6MSW3D,17594,6,4,197,26,5000.0,128,1,0,0,16.5,7.7,0.8,1,0,0,0,0,0,0,12,0,12.0,0,0
B0B1ZNM6DV,18999,6,4,186,13,5000.0,128,1,0,0,16.0,7.4,0.8,1,0,0,0,0,0,0,12,0,12.0,0,0
B0BBLMHJQ6,28473,8,4,190,13,5000.0,128,1,0,0,16.0,7.5,0.8,1,0,0,0,0,0,0,12,0,12.0,0,0
B0BW2Z7XQR,17242,6,4,197,26,5000.0,128,1,0,0,16.5,7.7,0.8,1,0,0,0,0,0,0,12,0,12.0,0,0
B09Z87HF76,16109,8,4,195,26,5000.0,128,1,0,0,16.5,7.7,0.8,1,0,0,0,0,0,0,12,0,12.0,0,0
B0BW5J9VJY,17397,6,4,197,26,5000.0,128,1,0,0,16.5,7.7,0.8,1,0,0,0,0,0,0,12,0,12.0,0,0
B0BS17KWKD,22539,6,0,197,26,5000.0,128,1,1,6,16.5,7.7,0.8,1,0,0,0,0,0,0,12,0,12.0,0,0
B0BS16FS5K,18999,6,0,202,26,5000.0,128,1,1,6,16.8,7.8,0.9,1,0,0,0,0,0,0,12,0,13.0,0,0
B0BGPBZ3CD,13499,64,0,195,26,5000.0,4,1,1,6,16.5,7.7,0.9,1,0,0,0,0,0,0,12,0,12.0,0,0
B0BPGWQWX4,12999,4,0,192,26,5000.0,128,1,1,6,16.4,7.6,0.9,1,0,0,0,0,0,0,12,0,11.0,0,0
B094P189P4,25490,8,4,430,13,4500.0,128,1,0,0,15.98,7.45,0.84,1,0,0,0,0,0,0,12,0,11.0,0,0
B08LDXPTSP,33990,6,4,141,13,5000.0,128,1,0,0,17.78,1.27,1.016,1,0,0,0,0,0,0,12,0,10.0,0,0
B09WRMNJ9G,34999,8,6,190,13,5000.0,128,2,1,6,16.3,7.6,0.8,1,0,0,0,0,0,0,12,4,28.0,0,1
B0B5V2KDNZ,54999,12,0,204,13,4800.0,256,2,1,6,16.3,7.5,0.9,1,0,0,0,0,0,0,12,4,28.0,0,1
B09V2LX1R4,60999,8,6,200,13,5000.0,128,2,1,6,16.3,7.4,0.9,1,0,0,0,0,0,0,12,4,28.0,0,1
B0BSNQ2KXF,39999,8,6,205,13,5000.0,128,2,1,6,16.3,7.4,0.9,1,0,0,0,0,0,0,12,4,28.0,0,1
B0BSTVXFWD,11998,6,0,207,26,5000.0,128,2,0,0,16.5,7.6,0.9,1,0,0,0,0,0,0,12,0,12.0,0,1
B0BNC7C9W4,9869,4,0,203,26,5000.0,64,2,0,0,16.5,7.6,0.9,1,0,0,0,0,0,0,12,0,12.0,0,0
B0BNC2CVB1,8699,3,0,202,26,5000.0,64,2,0,0,16.5,7.6,0.9,1,0,0,0,0,0,0,12,0,12.0,0,0
B09S3Y2R72,6999,2,1,192,26,5000.0,32,2,0,0,16.5,7.6,0.9,1,0,0,0,0,0,0,12,0,11.0,0,0
B09JG89LHZ,6790,3,0,192,26,5000.0,32,2,0,0,16.5,7.6,0.9,1,0,0,0,0,0,0,12,0,11.0,0,0
B098NFTR9P,7390,3,0,150,13,5000.0,500,2,0,0,16.5,7.6,0.9,1,0,0,0,0,0,0,12,0,28.0,0,0
B09JW2KPRM,15990,8,0,204,26,5000.0,128,1,0,0,16.9,7.7,0.9,1,0,0,0,0,0,0,12,0,11.0,0,0
B0BMLWPL9V,8599,4,0,203,26,5000.0,64,2,0,0,16.5,7.6,0.9,1,0,0,0,0,0,0,12,0,12.0,0,0
B0BKJRHV2M,10999,4,0,207,26,5000.0,128,2,0,0,16.5,7.6,0.9,1,0,0,0,0,0,0,12,0,12.0,0,1
B0B79DFCMM,9999,4,7,199,24,5000.0,64,2,0,0,16.5,7.6,0.9,4,1,0,1,1,0,1,50,2,7.6,0,0
B09MKPX6RQ,8299,4,7,192,26,5000.0,64,2,0,0,16.5,7.6,0.9,4,1,1,1,1,1,1,50,2,7.6,0,1
B0B5KMLDKH,10999,4,7,199,24,5000.0,64,2,0,0,16.5,7.6,0.9,4,1,1,1,1,1,1,50,2,7.6,0,0
B0BXLMC58R,6999,3,0,207,26,6000.0,32,2,0,0,16.4,7.6,0.9,1,0,0,0,0,0,0,12,0,12.0,1,0
B0BWYJWRZW,5999,2,0,192,26,5000.0,32,2,1,0,16.5,7.6,0.9,1,0,0,0,0,0,0,12,0,12.0,0,0
B0BXLN3XT4,7899,4,0,207,26,6000.0,64,2,0,0,16.4,7.6,0.9,1,0,0,0,0,0,0,12,0,12.0,1,0
B09HGQPQSY,6185,2,0,190,26,5000.0,32,2,1,0,16.6,7.6,0.9,1,0,0,0,0,0,0,12,0,11.0,1,0
B0BBMBL64D,6899,3,6,182,26,5000.0,32,1,0,6,16.4,7.6,0.9,1,0,0,0,0,0,0,12,0,11.0,0,1
B0BG1PYJR4,11499,4,0,193,26,5000.0,64,1,0,6,16.4,7.6,0.8,1,0,0,0,0,0,0,12,0,11.0,0,1
B09FKD67CS,11499,4,6,192,20,6000.0,64,1,0,0,16.5,7.6,1.0,3,1,1,1,1,1,1,50,0,11.0,0,1
B09FKGDJNC,6499,2,6,195,23,5000.0,32,1,0,0,16.5,7.6,0.9,1,1,1,1,1,1,1,5,0,11.0,0,1
B0BBM7L888,8499,4,6,182,26,5000.0,64,1,0,6,16.4,7.6,0.9,1,0,0,0,0,0,0,12,0,11.0,0,1
B0BG31V5K1,8390,4,6,380,26,5000.0,64,1,0,0,17.0,8.0,5.0,1,0,0,0,0,0,0,12,0,12.0,0,0
B0BG2YRPBX,6799,2,6,380,26,5000.0,2,1,0,0,17.0,8.0,5.0,1,0,0,0,0,0,0,12,0,12.0,0,0
B0BG329Z6S,6999,2,6,380,26,5000.0,2,1,0,0,17.0,8.0,5.0,1,0,0,0,0,0,0,12,0,12.0,0,0
B096RTYQPW,7490,2,0,190,26,5000.0,32,1,0,0,16.5,7.6,0.9,1,0,0,0,0,0,0,12,0,28.0,0,1
B09LM9PKBY,7999,4,6,190,26,5000.0,4,2,0,0,16.5,7.6,5.2,1,0,0,0,0,0,0,12,0,11.0,0,0
B09LYDH2TQ,10299,4,5,207,20,6000.0,128,1,0,0,16.5,7.6,1.0,1,0,0,0,0,0,0,12,0,28.0,0,0
B09FKDB27R,12499,4,6,207,20,6000.0,128,1,0,0,16.5,7.6,1.0,3,1,1,1,1,1,1,50,0,11.0,0,1
B09J53KSN2,11450,4,0,200,26,5000.0,128,2,0,0,16.5,7.6,0.9,1,0,0,0,0,0,0,12,0,11.0,0,0
B09LYDD6WF,8990,4,4,207,20,6000.0,64,1,0,0,16.5,7.6,1.0,1,0,0,0,0,0,0,12,0,28.0,0,0
B0BMLWNR5B,9299,4,0,203,26,5000.0,64,2,0,0,16.5,7.6,0.9,1,0,0,0,0,0,0,12,0,12.0,0,0
B0BBFJLP21,12999,4,0,200,26,5000.0,4,2,1,6,16.4,7.6,0.9,1,0,0,0,0,0,0,12,3,13.0,0,1
B0BBH16VNN,11999,6,0,201,26,5000.0,6,2,1,6,16.4,7.6,0.9,1,0,0,0,0,0,0,12,3,13.0,0,0
B0BZ466BWW,12999,6,6,190,26,5000.0,128,1,0,6,16.6,7.6,0.8,1,0,0,0,0,0,0,12,0,13.0,0,0
B0BYN1GM6V,10799,128,0,192,26,5000.0,6,2,1,6,16.9,7.6,0.9,1,0,0,0,0,0,0,12,3,13.0,0,0
B09CTY7TGF,11499,4,0,192,14,6000.0,64,2,1,6,16.2,7.6,1.0,4,1,1,1,1,1,1,50,3,12.5,0,1
B09XB8GFBQ,8499,4,0,194,26,5000.0,64,2,1,6,16.5,7.7,0.9,1,1,1,1,1,1,1,13,3,12.5,0,1
B0948NNY3W,14999,6,0,179,13,5000.0,64,2,1,6,16.0,7.5,0.8,4,1,1,1,1,1,1,12,0,11.0,0,1
B0BQ3MT8P2,18999,128,0,188,13,5000.0,6,2,1,6,16.6,7.6,0.8,1,0,0,0,0,0,0,12,3,13.0,0,1
B0B3SB491V,9000,64,4,203,26,6000.0,4,2,0,0,16.2,7.5,0.9,1,0,0,0,0,0,0,12,0,11.0,0,0
B09QXJD193,16499,6,4,179,13,5000.0,6,2,1,6,16.0,7.4,0.8,4,1,1,1,1,1,1,108,3,13.0,0,1
B09QXKKGWC,17499,6,4,179,13,5000.0,6,2,1,6,16.0,7.4,0.8,4,1,1,1,1,1,1,108,3,13.0,0,1
B0BBFKGFQH,15249,6,0,200,26,5000.0,6,2,1,6,16.4,7.6,0.9,1,0,0,0,0,0,0,12,3,13.0,0,1
B09QSBF2T7,15999,6,0,179,13,5000.0,128,2,1,6,16.0,7.4,0.8,4,1,1,1,1,1,1,50,3,13.0,0,1
B09ZBFD6TJ,21999,6,0,181,13,5000.0,128,1,0,6,17.5,9.1,6.9,1,0,0,0,0,0,0,12,0,12.0,0,1
B082FY6S2Y,17999,8,0,190,20,5000.0,128,2,0,12,16.4,7.5,0.8,1,0,0,0,0,0,0,12,0,12.0,0,0
B0B7X8GPPH,15499,4,0,187,20,5000.0,64,2,1,0,16.4,7.5,0.8,1,0,0,0,0,0,0,12,0,12.0,0,0
B07WGPL7LV,14999,4,0,190,26,5000.0,128,1,1,0,16.4,7.6,0.8,1,0,0,0,0,0,0,12,1,28.0,0,0
B07WFPMD64,19999,8,0,181,26,5000.0,128,1,1,0,16.4,7.6,0.8,1,0,0,0,0,0,0,12,1,28.0,0,0
B07WGPKRJ7,16499,6,0,190,26,5000.0,128,1,1,0,16.4,7.6,0.8,1,0,0,0,0,0,0,12,1,28.0,0,0
B07WHSQDKX,18499,8,0,188,26,5000.0,128,1,1,0,16.4,7.6,0.8,1,0,0,0,0,0,0,12,1,28.0,0,0
B08444SXZJ,19600,8,7,520,7,4100.0,128,1,1,6,16.1,7.4,0.8,1,0,0,0,0,0,0,12,0,11.0,0,0
B07X9YM9JG,27000,8,7,170,15,4000.0,128,1,1,6,15.9,7.4,0.7,1,0,0,0,0,0,0,12,0,11.0,0,1
B08445DF2X,27980,8,7,187,13,4500.0,128,1,1,6,16.0,7.5,0.9,4,1,1,1,1,1,1,48,0,10.0,0,0
B08444WMHF,23269,8,7,171,7,4000.0,128,1,1,6,16.1,7.4,0.7,1,0,0,0,0,0,0,12,0,11.0,0,1
B09JSY7H16,18049,8,4,171,26,4100.0,128,4,0,0,16.1,7.4,0.8,1,0,0,0,0,0,0,12,0,28.0,0,0
B0BR9WYF2Z,15399,8,6,172,13,4050.0,128,1,0,0,12.0,6.0,5.0,1,0,0,0,0,0,0,12,1,28.0,0,0
B07WGPKP8H,16990,8,0,182,26,5000.0,128,1,1,0,16.4,7.6,0.8,1,0,0,0,0,0,0,12,1,28.0,0,0
B08BWX1X55,12990,8,6,187,13,4500.0,128,1,0,0,15.9,7.5,0.9,1,0,0,0,0,0,0,12,0,9.0,0,0
B07S6BW832,29999,8,7,187,13,4500.0,128,1,1,6,15.9,7.5,0.9,1,0,0,0,0,0,0,48,0,10.0,0,1
B07XG28J3M,14990,6,7,179,0,4500.0,64,1,1,6,16.0,7.5,0.8,1,0,0,0,0,0,0,32,0,9.0,0,1
B081RW24Y6,15000,6,7,193,26,5000.0,64,1,1,6,16.2,7.6,0.9,1,0,0,0,0,0,0,12,0,9.0,0,1
B07XBYN3ZB,20000,4,7,193,26,5000.0,128,1,1,6,16.2,7.6,0.9,3,1,1,1,1,1,1,2,3,12.0,0,0
B07RKXBRM9,25000,8,4,185,13,3700.0,128,1,1,6,15.7,1.5,0.8,1,0,0,0,0,0,0,32,0,9.0,0,1
B08LRDHLQM,26999,6,0,188,26,5000.0,128,1,1,0,16.4,7.5,0.8,3,1,1,1,1,1,1,48,1,28.0,0,0
B086KCD5ZL,14990,4,7,197,3,5000.0,128,1,1,6,16.2,7.6,0.9,1,0,0,0,0,0,0,8,0,10.0,0,0
B07S7DJYWC,12500,4,7,191,26,5000.0,64,1,1,6,15.9,7.7,0.9,3,1,1,1,1,1,1,13,0,9.0,0,1
B07WFNZX33,10289,3,0,179,26,5000.0,64,1,1,0,16.4,7.5,0.8,1,0,0,0,0,0,0,12,1,28.0,0,0
B07KXC1YHL,10000,2,7,164,2,4030.0,16,1,1,6,15.5,7.5,0.8,1,0,0,0,0,0,0,5,0,8.1,0,0
B07JGLQJQ3,15000,4,7,148,20,3260.0,32,1,1,6,15.5,7.5,0.8,1,0,0,0,0,0,0,5,0,8.1,0,0
B07KMHK4SB,15000,4,7,164,20,4030.0,64,1,1,6,15.5,7.5,0.8,2,1,1,1,1,1,1,13,0,8.1,0,0
B07KXBVLQX,18000,4,7,164,2,4030.0,32,1,1,6,15.5,7.5,0.8,1,0,0,0,0,0,0,12,0,8.1,0,0
B07KXCKQ11,9000,2,7,164,2,4030.0,16,1,1,6,15.5,7.5,0.8,1,0,0,0,0,0,0,5,0,8.1,0,0
B07PTLCBP5,11000,3,7,191,12,5000.0,64,1,1,6,15.9,7.7,0.9,1,0,0,0,0,0,0,8,0,9.0,0,0
B07KX1S5ZD,9600,2,7,164,20,4030.0,32,1,1,6,15.5,7.5,0.8,2,1,1,1,1,1,1,13,0,8.1,0,0
B07WHQPCGY,9309,3,0,179,26,5000.0,32,0,1,0,16.4,7.5,0.8,1,0,0,0,0,0,0,12,1,28.0,0,0
B07WGNVP3S,10499,3,0,183,26,5000.0,64,1,1,0,16.4,7.6,0.8,1,0,0,0,0,0,0,12,1,28.0,0,0
B07KXCJYN5,13000,3,7,164,22,4030.0,64,3,1,6,15.5,7.5,0.8,1,0,0,0,0,0,0,2,0,8.1,0,0
B07PTLD8SX,11500,3,7,191,12,5000.0,64,1,1,6,15.9,7.7,0.9,3,1,1,1,1,1,1,13,0,9.0,0,0
B07CQ3WV3C,16000,4,7,150,5,3260.0,64,1,1,6,15.5,7.5,0.8,1,0,0,0,0,0,0,12,0,8.1,0,0
B081RV8NB2,15000,4,7,193,26,5000.0,64,1,1,6,16.2,7.6,0.9,1,0,0,0,0,0,0,12,0,9.0,0,1
B086KCDPNV,19000,8,7,197,6,5000.0,128,1,1,6,16.2,7.6,0.9,1,0,0,0,0,0,0,16,0,10.0,0,0
B081RTYX3L,21000,6,7,193,26,5000.0,64,1,1,6,16.2,7.6,0.9,1,0,0,0,0,0,0,12,0,9.0,0,1
B07S6BGL1K,18099,4,7,191,26,5000.0,64,1,1,6,15.9,7.7,0.9,3,1,1,1,1,1,1,13,0,9.0,0,1
B09R7XJN5N,11649,4,4,193,26,5000.0,128,1,0,0,16.2,7.6,0.9,1,0,0,0,0,0,0,12,0,28.0,0,0
B0BMGG6NKT,8749,4,0,188,26,5000.0,128,1,1,6,16.4,7.6,0.9,1,0,0,0,0,0,0,12,0,12.0,0,1
B07WHQ4S68,12499,4,0,183,26,5000.0,64,1,1,0,16.4,7.6,0.8,1,0,0,0,0,0,0,12,1,28.0,0,0
B08BCQSC1X,12799,8,4,187,13,4500.0,128,2,0,0,15.9,7.5,0.9,1,0,0,0,0,0,0,12,0,9.0,0,0
B0BTLVSWX5,17199,8,4,172,13,4050.0,128,1,0,0,16.1,7.4,0.7,1,0,0,0,0,0,0,12,1,28.0,0,0
B07KX1KY4N,28000,6,7,185,13,3700.0,128,2,1,6,15.7,1.5,0.8,1,0,0,0,0,0,0,12,0,9.0,0,1
B01FC8O1AE,18000,4,7,168,4,3000.0,32,1,1,6,15.4,7.8,0.8,1,0,0,0,0,0,0,12,0,28.0,0,0
B09DK5WZYM,32695,8,0,171,13,4300.0,8,2,0,0,15.8,7.5,0.8,1,0,0,0,0,0,0,12,0,12.0,0,0
B0BJ652XH1,27449,8,7,560,13,4830.0,0,1,0,0,12.0,1.2,1.2,1,0,0,0,0,0,0,12,0,12.0,0,0
B0B2124J56,26499,8,4,171,13,4300.0,8,2,0,0,15.8,7.5,0.8,1,0,0,0,0,0,0,12,0,12.0,0,0
B0BJ6FKSLR,23999,8,7,530,13,4500.0,0,1,0,0,12.0,1.2,1.2,1,0,0,0,0,0,0,12,0,12.0,0,0
B09DJY2GBW,35894,8,0,171,13,4300.0,8,2,0,0,15.8,7.5,0.8,1,0,0,0,0,0,0,12,0,12.0,0,0
B089MS3GM7,31990,8,7,172,13,4200.0,128,1,1,6,16.0,7.5,0.7,1,0,0,0,0,0,0,48,0,28.0,0,0
B08ZJSQGJZ,27990,8,0,177,13,4000.0,128,1,1,0,16.0,7.4,0.7,3,1,1,1,1,1,1,12,0,12.0,0,0
B07WHS8VYX,26999,8,0,181,13,4500.0,8,1,1,0,15.9,7.4,0.8,1,0,0,0,0,0,0,12,1,28.0,0,0
B09DKFQZW4,27575,12,0,179,13,4200.0,12,2,0,0,15.7,7.2,0.7,1,0,0,0,0,0,0,12,0,12.0,0,0
B07WHRLCZ8,24999,8,0,181,13,4500.0,128,1,1,0,15.9,7.4,0.8,1,0,0,0,0,0,0,12,1,28.0,0,0
B09DKBXCMZ,25999,8,0,179,13,4200.0,8,2,0,0,15.7,7.2,0.7,1,0,0,0,0,0,0,12,0,12.0,0,0
B09V1QMFTL,29299,8,4,171,13,4300.0,8,2,0,0,15.8,7.5,0.8,1,0,0,0,0,0,0,12,0,12.0,0,0
B09NKZWPN2,28999,8,4,176,13,4300.0,128,1,0,0,16.0,7.5,0.7,1,0,0,0,0,0,0,12,1,28.0,0,0
B08697MJFD,39990,8,0,210,8,4000.0,128,1,1,6,16.2,7.6,0.9,3,1,1,1,1,1,1,48,1,28.0,0,1
B07WHQRCZD,30990,8,0,196,13,4500.0,128,1,1,0,16.3,7.6,0.8,3,1,1,1,1,1,1,48,1,28.0,0,1
B07WFPLSVX,44999,8,0,207,13,4700.0,128,1,1,0,16.5,7.7,0.8,1,0,0,0,0,0,0,50,1,28.0,0,0
B07WHQLR7G,54999,8,0,205,13,5000.0,256,1,1,0,16.5,7.7,0.9,1,1,1,1,1,1,1,12,1,28.0,0,0
B09XB9FLSH,44999,8,4,205,13,4600.0,256,2,1,6,16.4,7.5,0.8,1,0,0,0,0,0,0,12,3,13.0,0,1
B085J1QWFV,23499,6,0,196,13,4520.0,128,2,1,6,16.37,7.68,0.78,3,1,1,1,1,1,1,12,3,12.5,0,1
B089MS8NVX,24999,8,7,214,26,5000.0,128,2,1,6,16.6,7.7,0.9,3,1,1,1,1,1,1,64,0,28.0,0,0
B094NMCGTG,18899,6,7,520,13,4520.0,128,2,0,0,16.37,7.64,0.78,1,0,0,0,0,0,0,48,3,12.0,0,0
B099TDLJ6W,22099,8,7,450,13,4520.0,128,2,0,0,16.37,7.64,0.78,1,0,0,0,0,0,0,48,0,11.0,0,0
B099TPW917,28899,8,7,520,13,4520.0,128,2,0,0,16.37,7.64,0.78,1,0,0,0,0,0,0,108,0,11.0,0,0
B099TJZK33,22999,8,7,500,13,4520.0,128,2,0,0,16.37,7.64,0.78,1,0,0,0,0,0,0,48,0,11.0,0,0
B099T4QNZN,26999,8,7,510,13,4520.0,256,2,0,0,16.37,7.64,0.78,1,0,0,0,0,0,0,108,0,11.0,0,0
B09WV46P1W,29999,8,7,650,13,5000.0,8,2,0,0,41.66,1.956,2.29,1,0,0,0,0,0,0,12,0,10.0,0,0
B09WV4M53C,31999,8,7,600,13,5000.0,8,1,0,0,41.66,1.956,2.29,1,0,0,0,0,0,0,12,0,10.0,0,0
B099TD41YF,21999,6,7,500,13,4520.0,128,2,0,0,16.37,7.64,0.78,1,0,0,0,0,0,0,48,0,11.0,0,0
B085J168WR,33499,8,0,196,13,4520.0,128,2,1,6,16.37,7.64,0.78,3,1,1,1,1,1,1,12,3,12.0,0,1
B09G38DT4B,26999,6,3,158,13,4250.0,128,2,1,6,16.1,7.6,0.7,3,1,1,1,1,1,1,64,3,12.5,0,1
B08V9VPQY9,18990,8,0,157,13,4250.0,128,2,0,0,16.5,7.6,0.7,3,1,1,1,1,1,1,64,0,11.0,0,0
B09Q6FQWHP,19899,6,5,158,13,4250.0,6,2,0,0,16.1,7.6,0.7,1,0,0,0,0,0,0,12,0,10.0,0,0
B0BGZZ8KPB,18999,6,7,560,13,5080.0,0,2,0,0,9.0,8.0,7.0,1,0,0,0,0,0,0,12,3,13.0,0,0
B0BPN3ZKNJ,21999,6,4,194,13,5000.0,128,2,0,0,12.0,6.0,5.0,1,0,0,0,0,0,0,12,0,12.0,0,0
B0BNFM4R5S,32989,8,6,195,13,5000.0,256,1,0,6,16.3,7.6,0.9,1,0,0,0,0,0,0,12,0,12.0,0,0
B09ZPPVFB9,38959,12,6,200,13,5000.0,256,1,0,6,16.3,7.6,0.9,1,0,0,0,0,0,0,12,0,12.0,0,0
B0B7RZ29W8,39999,8,4,199,13,5000.0,128,1,0,0,16.3,7.5,0.8,1,0,0,0,0,0,0,12,0,12.0,0,0
B09YGGN7HC,39999,8,0,199,26,5000.0,8,2,0,0,16.3,7.4,0.8,1,0,0,0,0,0,0,12,0,12.0,0,0
B09ZHS17ZW,29931,8,6,620,28,5000.0,128,1,0,0,16.33,7.56,0.82,1,0,0,0,0,0,0,12,0,12.0,0,0
B0BNF1G4HL,32900,8,6,195,13,5000.0,256,1,0,6,16.3,7.6,0.9,1,0,0,0,0,0,0,12,0,12.0,0,0
B09YGLS99V,57959,12,6,199,13,5000.0,256,1,0,6,16.3,7.5,0.8,1,0,0,0,0,0,0,12,0,12.0,0,0
B0BGZZ8DK6,21499,8,7,580,13,5080.0,0,2,0,0,9.0,8.0,7.0,1,0,0,0,0,0,0,12,3,13.0,0,0
B0BVMP4NGL,79999,256,0,229,13,4820.0,12,2,1,6,16.3,7.5,0.8,1,0,0,0,0,0,0,12,3,14.0,0,0
B0BQJM2PXW,61999,16,6,205,13,5000.0,256,2,1,6,16.3,7.5,0.9,1,0,0,0,0,0,0,12,4,28.0,0,1
B0BSNNWX8R,44999,16,6,205,13,5000.0,256,2,1,6,16.3,7.4,0.9,1,0,0,0,0,0,0,12,4,28.0,0,1
B07WGPKNGT,29999,8,0,193,13,5000.0,128,1,1,0,16.5,7.7,0.9,1,1,1,1,1,1,1,64,1,28.0,0,1
B07WDK2QZ7,32990,8,0,200,13,4350.0,128,1,1,0,15.9,7.5,0.9,1,1,1,1,1,1,1,48,1,28.0,0,1
B0C3HXTK5F,38470,8,6,300,13,4600.0,128,1,0,0,15.0,10.0,5.0,1,0,0,0,0,0,0,12,0,13.0,0,0
B09QGR3576,17990,8,0,182,26,5000.0,128,1,1,0,16.4,7.6,0.8,1,0,0,0,0,0,0,12,1,28.0,0,0
B082GNLQJB,17639,8,0,187,20,5000.0,128,2,0,12,16.4,7.5,0.8,1,0,0,0,0,0,0,12,0,12.0,0,0
B09WQY65HN,18990,6,6,195,26,5000.0,128,2,1,6,16.4,7.6,0.9,1,0,0,0,0,0,0,12,4,28.0,0,1
B0BD3V985M,15499,6,0,196,13,6000.0,128,1,1,6,15.9,7.4,0.9,4,1,1,1,1,1,1,12,0,12.0,0,1
B0B4F2ZWL3,12999,6,4,207,26,6000.0,128,1,1,6,16.5,7.7,0.9,1,0,0,0,0,0,0,12,0,12.0,0,1
B0B4F52B5X,9699,4,4,207,26,6000.0,64,1,1,6,16.5,7.7,0.9,1,0,0,0,0,0,0,12,0,12.0,0,1
B0BY8L3RZ6,21999,8,6,195,26,5000.0,256,2,1,6,16.6,7.6,0.8,1,0,0,0,0,0,0,12,4,28.0,0,1
B09TWHTBKQ,16999,8,4,215,26,6000.0,128,1,1,6,16.5,7.7,0.9,4,0,0,0,0,0,0,50,0,12.0,0,1
B07WHSR1NR,15999,6,0,194,15,5000.0,128,1,1,0,16.4,7.6,0.8,1,1,1,1,1,1,1,50,1,28.0,0,1
B0B9YK24TF,4499,0,1,124,26,1450.0,48,1,1,6,20.5,5.5,1.1,1,0,0,0,0,0,0,12,6,28.0,0,0
B0B56YWX99,7799,4,7,194,24,5000.0,64,2,0,0,16.5,7.6,0.9,2,1,1,1,1,1,1,13,2,8.6,0,1
B0BZCSSNV7,14990,6,0,206,26,6000.0,256,1,1,6,16.7,7.7,0.9,1,0,0,0,0,0,0,12,0,13.0,0,0
B08VB2MRF8,34999,8,4,190,13,4500.0,128,1,1,6,15.98,7.45,0.84,3,1,1,1,1,1,1,12,0,11.0,0,1
B0BYN4D512,8799,64,0,192,26,5000.0,4,2,1,6,16.9,7.6,0.9,1,0,0,0,0,0,0,12,3,13.0,0,0
B09TWH8YHM,16999,8,4,215,26,6000.0,128,1,1,6,16.5,7.7,0.9,4,0,0,0,0,0,0,50,0,12.0,0,1
B0BZ48H8JX,12999,6,6,190,26,5000.0,128,1,0,6,16.6,7.6,0.8,1,0,0,0,0,0,0,12,0,13.0,0,0
B0BBMGZ5T4,6899,3,6,182,26,5000.0,32,1,0,6,16.4,7.6,0.9,1,0,0,0,0,0,0,12,0,11.0,0,1
B0B56YRDDT,7799,4,0,194,33,5000.0,64,2,0,0,16.5,7.6,0.9,2,0,0,0,0,0,0,13,0,12.0,0,1
B0BMGB3CH9,8499,4,0,188,26,5000.0,64,1,1,6,16.4,7.6,0.9,1,0,0,0,0,0,0,12,0,12.0,0,1
B0BW5SL3V1,6299,2,7,179,20,3000.0,64,1,1,6,16.1,7.4,0.9,1,0,0,0,0,0,0,12,0,12.0,0,0
B09FKDH6FS,6499,32,6,182,23,5000.0,2,1,0,0,16.41,7.56,0.85,1,1,1,1,1,1,1,5,0,11.0,0,1
B0BY8MCQ9S,19999,8,6,195,26,5000.0,128,2,1,6,16.6,7.6,0.8,1,0,0,0,0,0,0,12,4,28.0,0,1
B0BBH1X5K4,9999,4,0,201,26,5000.0,4,2,1,6,16.4,7.6,0.9,1,0,0,0,0,0,0,12,3,13.0,0,0
B0B4F2XCK3,12999,6,4,207,26,6000.0,128,1,1,6,16.5,7.7,0.9,3,0,0,0,0,0,0,50,0,12.0,0,1
B0BZ48VZMR,10999,4,6,190,26,5000.0,64,1,0,6,16.6,7.6,0.8,1,0,0,0,0,0,0,12,0,13.0,0,0
B09GFM8CGS,6499,2,0,194,32,5000.0,32,2,1,6,16.5,7.7,0.9,1,1,1,1,1,1,1,13,3,12.0,0,1
B0BQ3PYMCZ,18999,128,0,188,13,5000.0,128,2,1,6,16.6,7.6,0.8,1,0,0,0,0,0,0,12,3,13.0,0,1
B0BBFJ9M3X,12999,4,0,200,26,5000.0,4,2,1,6,16.4,7.6,0.9,1,0,0,0,0,0,0,12,3,13.0,0,1
B0BQ3PJJDQ,16999,128,0,188,13,5000.0,4,2,1,6,16.6,7.6,0.8,1,0,0,0,0,0,0,12,3,13.0,0,1
B09QS8V5N8,13490,4,0,179,13,5000.0,64,2,1,6,16.0,7.4,0.8,4,1,1,1,1,1,1,50,3,13.0,0,1
B09FKB3446,7999,4,6,195,23,5000.0,64,1,0,0,16.5,7.6,0.9,1,1,1,1,1,1,1,5,0,11.0,0,1
B09G69ZB2B,9990,4,0,190,26,5000.0,4,2,0,0,16.5,7.6,5.2,1,0,0,0,0,0,0,12,0,11.0,0,1
B09LQ8YS6T,10300,4,0,200,26,5000.0,64,2,0,0,16.5,7.6,0.9,1,0,0,0,0,0,0,12,0,11.0,0,0
B09NMW9M44,8990,4,4,200,26,5000.0,64,2,0,0,16.5,7.6,0.9,1,0,0,0,0,0,0,12,0,11.0,0,0
B07WDKLDRX,27999,8,0,190,13,4700.0,128,1,1,0,16.3,7.6,0.9,1,0,0,0,0,0,0,64,1,28.0,0,1
B0B4F38D6K,12999,6,4,207,26,6000.0,128,1,1,6,16.5,7.7,0.9,1,0,0,0,0,0,0,12,0,12.0,0,1
B0BNKJ1B61,8129,4,2,185,21,5000.0,64,1,1,0,16.4,7.5,0.8,1,0,0,0,0,0,0,12,0,12.0,0,0
B0B6JJN3Y7,9700,4,6,185,20,5000.0,4,2,0,0,16.39,7.49,0.85,1,0,0,0,0,0,0,12,0,12.0,0,0
B0B5ZVMSM5,8980,3,6,185,20,5000.0,32,2,0,0,16.39,7.49,0.85,1,0,0,0,0,0,0,12,0,12.0,0,0
B0B611GZ65,9999,4,0,191,26,5050.0,64,2,1,6,16.5,7.5,0.9,1,0,0,0,0,0,0,12,0,11.0,0,0
B09JGKJZH2,8890,3,0,237,25,6000.0,32,2,1,6,17.8,7.9,1.0,1,0,0,0,0,0,0,12,0,28.0,0,0
B0BM4JW283,8699,3,7,200,29,5050.0,32,2,1,6,16.9,7.8,0.9,1,0,0,0,0,0,0,12,0,12.0,0,0
B0B5KNWCN1,10999,4,7,199,24,5000.0,64,2,0,0,16.5,7.6,0.9,4,1,1,1,1,1,1,50,2,7.6,0,0
B0BYN5555J,8799,64,0,192,26,5000.0,4,2,1,6,16.9,7.6,0.9,1,0,0,0,0,0,0,12,3,13.0,0,0
B09JGJ442F,9930,4,0,237,25,6000.0,64,2,1,6,17.8,7.9,1.0,1,0,0,0,0,0,0,12,0,8.0,0,0
B0BM4N2HLS,9699,4,7,200,29,5050.0,64,2,1,6,16.9,7.8,0.9,1,0,0,0,0,0,0,12,0,12.0,0,0
B0BKZKFSJ8,29999,6,0,171,26,4500.0,128,2,2,6,16.5,7.5,0.7,1,0,0,0,0,0,0,12,0,12.0,0,0
B0986MQRFB,11490,4,0,196,26,5050.0,64,1,1,6,16.5,7.6,0.9,4,0,0,0,0,0,0,48,0,11.0,0,1
B09FLZZMDT,5199,2,0,157,29,3000.0,16,1,1,6,14.8,7.2,0.9,1,0,0,0,0,0,0,12,0,11.0,0,1
B09Y99VSSJ,12999,6,0,191,29,5050.0,128,2,1,6,16.5,7.5,0.8,1,0,0,0,0,0,0,12,0,11.0,0,1
B0BGXG4B8S,9249,4,0,189,29,5000.0,64,2,1,6,16.5,7.6,0.9,1,0,0,0,0,0,0,12,0,12.0,0,0
B0B612X35D,10990,4,0,191,26,5050.0,64,2,1,6,16.5,7.5,0.9,1,0,0,0,0,0,0,12,0,11.0,0,0
B09JGHZ84C,8700,3,0,237,25,6000.0,32,2,1,6,17.8,7.9,1.0,1,0,0,0,0,0,0,12,0,28.0,0,0
B09BW5N7SZ,8299,3,0,196,30,5000.0,32,1,1,6,16.5,7.6,1.0,1,0,0,0,0,0,0,12,0,11.0,0,0
B0BYDJP16D,6999,2,7,187,20,4000.0,64,1,1,6,16.1,7.4,0.9,1,0,0,0,0,0,0,12,0,12.0,0,0
B0BPS8H41T,7861,4,6,189,29,5000.0,64,2,0,0,16.5,7.6,0.9,1,0,0,0,0,0,0,12,0,12.0,0,0
B09JGHCQ4C,11400,4,0,237,25,6000.0,64,2,1,6,17.8,7.9,1.0,1,0,0,0,0,0,0,12,0,28.0,0,0
B08XQYFBM7,7499,4,6,370,20,22.0,4,2,0,0,16.54,7.59,0.92,1,0,0,0,0,0,0,12,0,28.0,0,0
B0BBH5JV7N,11999,6,0,201,26,5000.0,6,2,1,6,16.4,7.6,0.9,1,0,0,0,0,0,0,12,3,13.0,0,0
B09RN24CY6,12999,6,6,194,26,5000.0,128,1,0,0,16.5,7.6,0.9,1,0,0,0,0,0,0,50,0,11.0,0,1
B0BBFKYH4N,12999,4,0,200,26,5000.0,4,2,1,6,16.4,7.6,0.9,1,0,0,0,0,0,0,12,3,13.0,0,1
B0BZCV25LG,13990,4,0,206,26,6000.0,128,1,1,6,16.7,7.7,0.9,1,0,0,0,0,0,0,12,0,13.0,0,0
B07WHSJXLF,24999,8,0,180,13,4700.0,128,1,1,0,16.0,7.4,0.8,3,0,0,0,0,0,0,64,1,28.0,0,1
B0B6PSPJ8N,10499,6,4,194,26,5000.0,128,2,1,6,16.5,7.7,0.9,1,1,1,1,1,1,1,13,3,12.5,0,0
B0BMGC6LHP,9499,4,0,188,26,5000.0,128,1,1,6,16.4,7.6,0.9,1,0,0,0,0,0,0,12,0,12.0,0,1
B0BNBSHJ51,11499,4,0,188,26,5000.0,128,1,1,6,16.4,8.4,0.9,1,0,0,0,0,0,0,12,0,12.0,0,0
B0BGPPDSWV,13499,64,0,195,26,5000.0,4,1,1,6,16.5,7.7,0.9,1,0,0,0,0,0,0,12,0,12.0,0,0
B0BSNP46QP,39999,8,6,205,13,5000.0,128,2,1,6,16.3,7.4,0.9,1,0,0,0,0,0,0,12,4,28.0,0,1
B09WRP2WXG,34999,8,6,190,13,5000.0,128,2,1,6,16.3,7.6,0.8,1,0,0,0,0,0,0,12,4,28.0,0,1
B0784D862L,15999,4,6,209,17,5020.0,64,2,1,6,16.6,7.7,0.9,4,1,1,1,1,1,1,48,0,10.0,0,1
B09Q6DPWHG,19999,6,5,158,13,4250.0,6,2,0,0,16.1,7.6,0.7,1,0,0,0,0,0,0,12,0,10.0,0,0
B099TKJR2J,18899,8,7,520,13,4520.0,128,2,0,0,16.37,7.64,0.78,1,0,0,0,0,0,0,48,0,11.0,0,0
B07QT54G6P,7699,2,7,180,26,4000.0,32,1,1,6,15.9,7.6,0.9,1,0,0,0,0,0,0,12,0,9.0,0,1
B077PWBC78,15290,4,6,209,16,5020.0,64,2,1,6,16.6,7.7,0.9,1,0,0,0,0,0,0,48,0,12.0,0,1
B07HGH82LT,8999,3,7,169,13,4000.0,32,1,1,6,15.8,7.5,0.8,1,0,0,0,0,0,0,12,0,9.0,0,1
B07WGPLN76,19999,8,0,173,13,4500.0,128,1,1,0,15.9,7.4,0.8,2,0,0,0,0,0,0,64,1,28.0,0,1
B07WFPMJCH,13999,6,0,194,15,5000.0,128,1,1,0,16.4,7.6,0.8,1,1,1,1,1,1,1,50,1,28.0,0,1
B09ZBG7J7F,21999,6,0,181,13,5000.0,128,1,0,6,17.5,9.1,6.9,1,0,0,0,0,0,0,12,0,12.0,0,1
B0C14Q586K,14999,8,7,193,26,5000.0,256,2,0,0,16.4,7.5,0.8,1,0,0,0,0,0,0,12,0,13.0,0,0
B0BZCWLJHK,13990,4,0,206,26,6000.0,128,1,1,6,16.7,7.7,0.9,1,0,0,0,0,0,0,12,0,13.0,0,0
B07WFPMQB1,18999,6,0,173,13,4500.0,128,1,1,0,15.9,7.4,0.8,2,0,0,0,0,0,0,64,1,28.0,0,1
B09ZBGG4HR,19499,8,0,181,13,5000.0,128,1,0,6,17.5,9.1,6.9,1,0,0,0,0,0,0,12,0,12.0,0,1
B0BPYFVGPZ,27699,8,0,172,13,5000.0,128,2,0,0,16.15,7.39,0.78,3,1,1,1,1,1,1,108,5,28.0,0,0
