product_id,mrp,os,hard_disk_type,ram_memory,processor_brand,processor_count,display_type,form_factor,screen_res_w,screen_res_h,length,width,height,weight,hard_drive_size_value,hard_drive_size_unit,battery_type,is_success
B0BXPWS41N,70990,5,2,16,0,8,3,9,2880,1800,35.7,22.8,2,1.7,512,0,2,FALSE
B099ZZX3QW,53000,4,0,8,2,1,1,5,1920,1080,36.3,23.9,1.8,1.65,1,1,2,FALSE
B0BKT92YSL,144990,5,2,16,2,1,2,4,1920,1080,39.6,26,2.2,2.2,1,1,2,FALSE
B0BLH4C9Y6,33980,5,2,8,2,4,3,9,1366,768,32.5,21.6,2,1.55,256,0,2,FALSE
B0BRXZDLGG,124990,5,2,16,2,10,3,9,2880,1800,45.79,28.9,9.9,1,1,1,0,FALSE
B0C3MFSVZR,46990,5,2,8,2,1,3,5,1920,1080,52.2,31.1,7.1,1.6,512,0,0,FALSE
B0BTWDF3KB,96990,5,2,16,0,8,3,9,2560,1600,31.4,22.1,1.7,1.35,1,1,0,FALSE
B0C3D99LTP,69990,5,2,16,2,1,3,5,1920,1080,52,31,7,1.69,512,0,0,TRUE
B08M61GDYJ,71500,4,2,512,2,1,3,4,1920,1080,32.4,22.3,1.9,1.72,512,0,2,TRUE
B0C1N8MY5Q,54990,5,2,16,2,1,1,4,1920,1080,36.5,23.9,1.9,1.7,512,0,0,FALSE
B0C1GCY7ZX,36990,5,2,8,2,8,3,9,1920,1080,48.1,29.4,6.6,1.63,512,0,0,FALSE
B09WRS73T6,37990,5,2,8,2,4,3,8,1920,1080,32.4,21.5,1.8,1.4,512,0,2,FALSE
B0C2YJFMWP,102670,5,2,16,2,1,3,5,1920,1080,50,30,7,1.38,512,0,0,FALSE
B0B31R74HP,85499,5,2,16,0,1,3,4,1920,1080,37,26,2.4,2.48,512,0,0,FALSE
B091YHJ1KC,64990,4,2,8,2,1,3,2,1920,1080,32.41,22,1.83,1.5,512,0,0,TRUE
B0BLNYWN7M,82990,5,2,16,2,6,3,9,1920,1080,35.9,25.6,2.3,2.3,512,0,2,FALSE
B0C3V2ML49,73990,5,2,16,2,1,3,5,1920,1080,52.1,31,7.1,1.75,512,0,0,FALSE
B0BTWDLRBQ,60970,5,2,16,0,4,3,9,1920,1080,36,23.3,1.8,1.63,512,0,0,FALSE
B08Q7T6PTX,62740,4,1,256,2,2,3,4,1920,1080,35.56,24.13,1.98,1.5,1,1,0,TRUE
B09S3Y2C9F,243890,3,2,16,2,1,3,4,1920,1080,35.9,27.7,1.6,2.27,1,1,0,FALSE
B09VJ32NNC,93990,5,2,16,0,8,1,3,1920,1080,35.4,25.9,2.1,2.1,512,0,2,FALSE
B08Y96J1ZJ,89999,4,2,16,0,8,3,2,1920,1080,30.8,20.7,1.7,1.32,512,0,2,TRUE
B0BVQS5K7B,60200,5,2,16,0,6,1,3,1920,1080,35.9,25.6,2.3,2.3,512,0,2,FALSE
B0BWYQ8P7W,45990,5,2,8,2,1,2,4,1920,1080,53.29,33.29,7.2,2.44,512,0,2,FALSE
B0BW3CXL1B,339990,5,2,32,2,24,1,3,2560,1600,35.4,26.4,2.3,2.5,1,1,2,FALSE
B07HDV3PJ7,49500,4,2,16,2,4,2,4,1920,1080,32.26,21.84,1.52,1.13,512,0,0,FALSE
B09BKDKNT3,43025,4,3,4,2,2,4,4,1920,1080,32.51,21.69,1.83,1.3,128,0,0,TRUE
B0B61GC7FP,41250,5,2,8,2,1,3,4,1920,1080,52.6,37.4,7.3,1.7,512,0,0,FALSE
B08TH79N2P,52457,4,2,4,0,2,3,4,1366,768,38.2,24.99,2.39,2.29,256,0,2,FALSE
B0BTWCN881,59900,5,2,16,0,4,3,9,1920,1080,36,23.3,1.8,1.63,512,0,0,FALSE
B0876H4VHJ,89932,4,2,256,0,4,3,4,1366,768,35.84,24.21,1.98,1.7,256,0,0,FALSE
B09XXNKLBF,94790,5,2,16,2,1,3,4,1920,1080,35.7,27.2,2.7,2.81,512,0,0,FALSE
B07YSTT8Z5,64831,4,2,128,0,2,4,4,1920,1080,35.56,22.86,2.03,1.81,128,0,0,TRUE
B0B1F21WVP,59990,3,2,8,2,1,3,4,2560,1440,32.1,21.1,1.6,1.2,512,0,0,TRUE
B09JSLMQP8,17994,6,0,4,2,1,3,4,1366,768,38.1,25.4,2.54,2.5,320,0,0,FALSE
B0C2YHVM7J,77610,5,2,8,2,1,3,5,1366,768,50,30,7,1.38,512,0,0,FALSE
B0B6F5TDK4,32999,5,2,8,0,1,3,5,1366,768,35.8,24.2,1.8,1.69,512,0,0,TRUE
B0BW39J8C3,269990,5,2,16,0,16,1,3,2560,1440,39.5,28.2,2.3,3,1,1,2,FALSE
B0BVMLP18M,37990,5,2,8,2,2,3,9,1920,1080,29,13.5,5,1.6,512,0,0,FALSE
B0C37C3THC,109990,5,2,16,2,14,3,9,1920,1200,49.2,31.1,6.4,1.8,1,1,0,FALSE
B0B8NZMFZF,18099,4,0,8,2,1,3,4,1366,768,38.1,25.4,5.08,1.76,500,0,0,FALSE
B09CRMSHD9,158500,4,2,32,2,10,3,4,1920,1080,38.89,34.11,7.59,2.41,512,0,0,FALSE
B0B912J6VT,72199,5,2,8,2,1,2,4,1920,1080,35.9,25.9,2.5,2.25,512,0,2,FALSE
B085Q1X8R7,38564,0,2,4,2,2,3,0,1366,768,32.51,21.84,1.78,1.5,64,0,0,FALSE
B0C1GFN51P,114990,5,2,16,2,12,3,9,2880,1800,41.29,29,7.7,1.39,512,0,0,FALSE
B0C1GGLHNV,155990,5,2,32,2,10,3,9,2880,1800,45.7,29.5,10.4,1,1,1,0,FALSE
B09GRMFRBW,54999,5,2,8,2,1,3,2,1920,1080,10,5,5,2,512,0,2,FALSE
B08DDJJJW7,93676,4,2,256,2,2,3,4,1920,1080,36.4,24.89,1.8,2.22,256,0,0,TRUE
B0C7H6SSC8,63338,5,2,16,2,8,3,9,1920,1080,48.7,28.9,6.4,1.7,512,0,0,FALSE
B07PC2LG1T,27118,0,2,16,2,2,3,4,1366,768,43.94,26.42,7.11,1.1,16,0,1,TRUE
B0BWF381Z8,58990,5,2,16,0,1,3,4,1920,1080,36,23.4,1.8,1.75,512,0,0,TRUE
B09HQ32GB2,39000,1,0,4,2,1,2,4,1920,1080,35.9,23.6,2,1.85,1,1,2,FALSE
B0C2Z6Y742,58990,5,2,16,2,1,3,5,1920,1080,55.1,35,7.2,2.48,512,0,0,FALSE
B0C1GGLV9Z,86990,5,2,16,2,12,3,9,2880,1800,46.1,29,6.4,1.7,512,0,0,FALSE
B0BNHH8L9L,35990,5,2,8,2,2,3,9,1920,1080,32.5,21.6,2,1.6,512,0,2,TRUE
B0C1GH58K3,75598,5,2,16,2,12,3,9,1920,1080,46,29,6.5,1.6,512,0,0,FALSE
B0C1GFC916,99520,5,2,16,2,12,3,9,2880,1800,41.6,28.4,7.4,1.39,512,0,0,FALSE
B081P3QVWC,94393,4,2,8,2,4,3,4,1366,768,32.41,22.5,1.8,1.46,256,0,1,FALSE
B09XXNBCJ7,230143,5,2,16,2,1,3,4,3840,2160,34.4,23,1.8,2.01,512,0,0,FALSE
B09RMTMBSM,54990,5,2,8,2,4,1,3,1920,1080,35.9,25.6,2.49,2.3,512,0,2,TRUE
B0BN4JZVRR,53000,5,2,16,2,4,2,4,1920,1080,35.9,23.7,2,1.65,512,0,2,FALSE
B0BLP44F62,146608,5,2,16,0,8,3,9,1920,1080,35.4,25.9,2.3,2.3,1,1,2,FALSE
B0BCKPX12F,126790,5,2,16,0,8,3,2,1920,1200,29.9,22.2,1.6,1.3,1,1,2,FALSE
B0B1DTBVKW,122800,5,2,16,2,4,4,4,2560,1080,30.7,22.4,1.4,1.29,512,0,0,FALSE
B092G3Q3QV,44608,4,2,4,2,2,3,4,1366,768,33.71,22.61,1.78,1.44,64,0,0,TRUE
B09RMVDV9W,42990,5,2,8,2,2,3,9,1920,1080,32.4,22,1.87,1.8,512,0,2,TRUE
B08HSNRFTX,51373,4,0,128,2,2,3,4,1366,768,35.84,23.55,1.73,2,500,0,3,TRUE
B09TSRGZL3,83690,5,2,16,2,1,3,4,1920,1080,32.5,21.7,1.7,1.41,1,1,0,FALSE
B09GRHWTQY,49147,4,3,4,2,4,4,4,1920,1080,32.51,21.69,1.8,1.3,128,0,0,TRUE
B0BD7TP2N4,19344,5,2,8,2,1,3,4,1366,768,35.56,25.4,2.54,1.5,256,0,0,FALSE
B0C1GH1K4H,123000,5,2,16,2,12,3,9,2880,1800,41.9,28.1,8,1.39,512,0,0,FALSE
B08J13GT5D,67990,4,2,8,2,4,4,4,1920,1080,32.5,23.3,2,1.6,1,1,0,FALSE
B097SZ1DPQ,64500,4,2,8,2,1,3,2,1920,1080,32.1,21.1,1.8,1.5,512,0,0,TRUE
B0BQN2HV46,38990,5,2,8,0,1,3,5,1920,1080,35.9,24.2,1.8,1.69,512,0,0,TRUE
B0BTWFKBDQ,91990,5,2,16,0,8,3,9,2560,1600,31.4,22.1,1.7,1.35,512,0,0,FALSE
B0B2K86YZW,39990,4,2,8,0,4,2,4,1366,768,33.3,22.1,1.9,1.34,512,0,0,FALSE
B0BZYNJZWD,75990,5,2,16,2,1,3,5,1920,1080,52,30.5,6.9,2.37,512,0,0,FALSE
B0B31RV4M3,78680,5,2,8,0,1,3,4,1920,1080,37,26,2.4,2.48,512,0,0,FALSE
B0BTTBFSHG,59990,5,2,8,0,1,2,4,1920,1080,32.2,21.2,1.6,1.25,512,0,0,FALSE
B0B8HDDNFK,34059,5,2,8,0,1,3,4,1920,1080,32.3,22,2.3,1.48,256,0,0,FALSE
B0C5N28GYQ,38990,5,2,16,2,2,3,9,1920,1080,45.4,27.8,6.6,1.6,512,0,0,TRUE
B07TSC356D,72889,4,2,512,2,4,4,4,1920,1080,50.29,29.72,6.35,1.7,512,0,0,FALSE
B0B1J9JFRD,123990,5,2,16,0,8,1,3,1920,1080,46.7,33.29,9,2.3,1,1,2,FALSE
B0B8JGHBS9,40500,5,0,8,2,6,3,9,1920,1080,36,23.3,2,1.7,256,0,2,FALSE
B099F6BLDC,41881,4,2,8,2,1,2,4,1920,1080,31.8,21.8,1.6,1.28,8,0,0,TRUE
B0C1GM1DGW,72990,5,2,16,2,12,3,9,1920,1080,48.6,29,6.4,1.7,512,0,0,FALSE
B0B5XQFDJW,229990,4,2,32,2,1,2,4,1920,1080,36.65,25,2.27,2.07,1,1,0,FALSE
B0BS9GCYRN,163990,5,2,16,2,1,0,2,2880,1800,35.5,25.2,1.3,1.66,512,0,0,FALSE
B09RX3NP7H,101520,5,2,16,0,1,1,4,1920,1080,37,26.2,2.4,2.48,512,0,0,FALSE
B0BSH4MRWR,165990,5,2,16,2,1,0,9,2880,1800,35.5,25.1,1.3,1.56,1,1,0,FALSE
B09NLR7LYZ,63100,4,2,16,2,1,3,4,1920,1080,90.9,59.7,4.8,1.8,512,0,0,FALSE
B09HQ6KN13,60370,4,2,8,2,2,3,4,1920,1080,35.84,24.18,1.98,1.75,128,0,0,FALSE
B08CMQ3S97,65790,4,2,8,0,6,3,9,1920,1080,31.9,21,1.4,1.22,512,0,2,FALSE
B0BQSNCRB8,91990,5,2,16,0,6,3,9,2560,1600,31.4,22.1,1.7,1.35,1,1,2,FALSE
B07SZ9H38Q,47996,4,2,128,0,2,3,4,1366,768,32.4,22.59,1.99,1.45,128,0,2,TRUE
B0B4N6JVMW,39990,5,2,8,2,1,3,4,1920,1080,35.8,24.2,1.8,1.69,512,0,0,TRUE
B0C3CJX15D,69500,5,2,16,2,1,3,5,1920,1080,50,30,7,1.6,512,0,0,FALSE
B0B7N9FQBY,135990,5,2,16,0,8,3,1,2560,1440,35.5,24.3,2,1.9,1,1,2,FALSE
B09GKX7MD9,39999,4,0,8,0,1,2,4,1920,1080,36.2,25.1,2,2.54,1,1,0,FALSE
B09Z6ZCG6J,89900,5,2,8,0,1,1,4,1920,1080,36.3,25.5,2.4,2.2,512,0,0,FALSE
B0BHYQJLN9,104900,5,2,16,0,1,3,4,1920,1080,35.7,27.2,2.7,2.51,512,0,0,FALSE
B097T1JNQS,61951,4,2,8,2,1,3,4,1920,1080,32.8,23.9,2,1.59,512,0,0,TRUE
B0C2YHTH3H,120500,5,2,16,2,1,3,5,1920,1080,50,30,7,1.38,512,0,0,FALSE
B09JSWGKGG,43250,5,1,8,2,1,3,4,1920,1080,35.84,23.55,1.88,1.8,1550,0,2,FALSE
B0B8XRPXXP,101990,5,2,16,2,10,3,9,1920,1080,35.4,25.1,2,2,1,1,2,FALSE
B0C1GL4MYZ,117990,5,2,16,2,12,3,9,2880,1800,41.5,29.2,7.6,1.39,512,0,0,FALSE
B0C3MGYZQX,64490,5,2,8,2,1,3,5,1920,1080,52.1,32.29,7.3,1.6,512,0,0,FALSE
B0BLP3842Z,59350,5,2,8,0,6,3,9,1920,1080,39.9,26.8,2.4,2.6,512,0,2,FALSE
B0B3DVCZVB,188000,4,2,16,2,1,2,4,2560,1440,39.6,25.9,2,2.45,1,1,2,FALSE
B09V87BR9P,28999,5,2,16,2,1,3,4,1366,768,35.56,25.4,2.54,1.5,512,0,0,FALSE
B07N71W24X,78774,4,2,256,2,4,1,4,1920,1080,30.89,21.41,1.6,0.62142,256,0,0,FALSE
B09PBTLW9F,55490,5,2,8,2,1,3,5,1920,1080,35.9,24.2,2,1.75,512,0,0,TRUE
B0C49BXKNL,46990,1,2,8,0,1,3,5,1920,1080,48.2,31,6.9,1.37,512,0,0,FALSE
B087N73SHT,50219,4,2,128,0,2,3,4,1366,768,32.41,22.61,1.98,1.5,128,0,2,TRUE
B09RX33P36,95990,5,2,16,0,1,3,4,1920,1080,36.9,24.5,2.3,2.32,512,0,0,FALSE
B0C1GFMWZ4,104990,5,2,16,2,10,3,9,2880,1800,45.7,29.2,10.2,1,512,0,0,FALSE
B08Z9JMWSM,163896,4,2,16,2,1,3,2,3840,2160,32,21.7,1.7,1.44,1,1,2,FALSE
B0BSNPDKJ3,109990,5,2,16,2,1,0,2,1920,1080,30.4,20.2,1.3,1.16,512,0,0,FALSE
B0C3D8BZVQ,53490,5,2,8,0,1,3,5,1920,1080,52.1,30.7,6.9,1.75,512,0,0,FALSE
B0C3CLH1PV,29990,5,2,8,2,1,3,5,1366,768,52.1,30.7,6.9,1.69,512,0,0,FALSE
B0BXLM7QC9,67990,5,2,16,0,1,3,5,1920,1200,30.9,20.5,1.7,0.97,512,0,0,TRUE
B0BSFZZKC1,63490,5,2,16,2,1,3,5,1920,1080,37,26.2,2.4,2.48,512,0,0,FALSE
B0B941J47L,171990,5,2,16,0,8,3,1,2560,1600,31.2,22.7,2,1.72,1,1,2,FALSE
B09NLR6HJB,41000,5,2,8,0,1,1,4,1920,1080,83.3,60.7,5.1,1.59,512,0,0,TRUE
B0BTWF2BQX,50990,5,2,16,0,4,3,9,1920,1080,36,23.3,1.8,1.63,512,0,0,FALSE
B0BYT3T8BS,21990,0,3,4,2,1,3,5,1366,768,28.5,19.3,1.7,1.07,128,0,0,FALSE
B0BLJFMQ91,118500,5,2,16,2,1,2,4,2560,1440,35.9,25.9,2.4,2.25,1,1,2,FALSE
B0B2WTDPC8,71990,5,2,8,2,1,3,4,1920,1080,35.7,27.2,2.5,2.65,512,0,0,FALSE
B0C1GHNB1Q,129990,5,2,16,2,10,3,9,2880,1800,45.6,38.29,10.3,1,1,1,0,FALSE
B09FK41K3C,99990,4,1,16,0,1,1,4,1920,1080,36.3,25.5,2.4,2.4,1,1,0,TRUE
B09X79JDC5,79990,3,2,8,2,1,1,4,1920,1080,36,27.1,2.6,2.5,512,0,0,TRUE
B09F3PV9RL,40200,4,0,8,2,1,3,4,1920,1080,35.8,23.5,1.9,1.8,1,1,0,FALSE
B0B84NV9VH,78990,5,2,8,2,6,1,3,1920,1080,35.9,25.6,2.3,2.3,1,1,2,FALSE
B0BTWBX34Y,81990,5,2,16,0,6,3,9,2560,1600,31.4,22.1,1.7,1.35,512,0,0,FALSE
B0873HS5ZG,24990,4,2,8,0,1,2,4,1920,1080,33.2,22.1,1.7,1.34,512,0,2,FALSE
B0BRTBVSHS,82070,5,2,16,2,1,3,5,1920,1080,32.5,21.6,1.7,1.41,1,1,0,FALSE
B0B5B4M47C,59990,5,2,16,2,1,4,4,1920,1080,32.4,22.5,1.8,1.41,512,0,0,TRUE
B0BD7QYDDZ,23198,5,0,8,2,1,3,4,1366,768,35.56,25.4,2.54,1.5,320,0,0,FALSE
B09YHCC26T,74990,5,2,16,2,12,4,9,1920,1080,36,23.3,1.9,1.8,512,0,2,FALSE
B0BTWDFXMZ,50990,5,2,16,0,4,3,9,1920,1080,36,23.3,1.8,1.63,512,0,0,FALSE
B0BQG7YB18,133999,5,2,16,2,1,2,4,2560,1440,35.9,25.9,2.7,0.002,1,1,2,FALSE
B09Q3JZ641,89999,5,2,16,2,4,4,2,1920,1080,30.5,21.1,1.4,1.3,512,0,2,FALSE
B0B58SWPNS,66990,5,2,8,2,1,3,4,1920,1080,32.5,21.6,1.7,1.41,512,0,0,TRUE
B07SNCFD7D,97398,4,2,8,2,4,4,4,2736,1824,29.2,20.1,0.8,0.77,128,0,0,FALSE
B0C1GDVT65,64990,5,2,16,2,12,3,9,1920,1080,48.29,29.5,6.7,1.7,512,0,0,FALSE
B0BDQJ7X51,59489,4,2,16,2,4,4,4,1920,1080,35.9,23.5,1.8,1.8,512,0,2,FALSE
B0BRY19K7R,45990,5,2,8,2,6,3,9,1920,1080,48.9,29.6,6.7,1.7,512,0,0,FALSE
B0B6F6HN37,61990,5,2,16,2,1,3,5,1920,1080,35.8,24.2,1.8,1.69,512,0,0,TRUE
B07Z1165XY,79364,4,2,256,0,4,1,4,1920,1080,36.35,24.74,1.8,1.81,256,0,0,TRUE
B0BDPTCZXP,51689,5,2,8,0,6,3,3,1920,1080,35.9,25.6,2.3,2.3,512,0,2,FALSE
B0C1GJ1S4D,59750,5,2,8,2,10,3,9,1920,1080,48.4,28.8,6.7,1.7,512,0,0,FALSE
B0BKQR3XJ5,55990,5,2,8,2,10,3,9,1920,1080,36,23.3,2,1.7,512,0,2,FALSE
B0BMPP7SL5,24490,5,2,4,2,2,3,9,1366,768,32.5,21.7,1.8,1.3,256,0,2,FALSE
B07VD71VHJ,69004,4,2,128,0,2,4,4,1920,1080,35.81,23.11,1.98,1.6,128,0,2,TRUE
B08529TZMC,38420,0,3,4,2,2,3,0,1366,768,32.56,21.84,1.78,1.45,32,0,1,FALSE
B09BCSPX7X,52199,4,2,8,2,4,3,9,1920,1080,35.9,23.7,2,1.65,256,0,2,TRUE
B0B641MGNV,224990,5,2,32,2,1,3,5,3840,2400,30.6,19.4,1.6,1.32,2,1,0,FALSE
B08HWB94ZF,44035,4,2,64,2,2,3,4,1366,768,28.14,19.28,1.68,1.04,64,0,0,TRUE
B0B752D4Z7,83990,5,2,8,2,1,3,5,1920,1080,35.8,24,2.3,2.37,512,0,0,TRUE
B081TWCG7C,71083,4,2,256,0,2,3,4,1366,768,34.93,22.58,1.98,2,256,0,0,TRUE
B0C37DBSMF,119990,5,2,16,2,12,3,9,1920,1200,48.79,31.5,6.6,1.9,512,0,0,FALSE
B0B4WJK6SF,24990,5,2,4,2,4,3,8,1366,768,32.5,21.7,1.8,1.3,256,0,2,FALSE
B0B7RVPY9W,65990,5,1,8,2,4,3,7,1920,1080,36,25.2,2.4,2.25,256,0,2,TRUE
B09QM6SJC1,44999,5,0,8,2,1,3,4,1920,1080,35.8,23.5,1.9,1.69,1,1,0,FALSE
B09M4125VN,99190,5,2,16,0,8,3,2,2240,1400,30.8,20.7,1.8,1.31,1,1,2,TRUE
B08RXZCXH6,48990,4,0,8,2,1,3,4,1920,1080,32.9,24,2,1.58,1,1,0,TRUE
B09MKNM92J,92500,5,2,16,4,8,3,9,2560,1600,35.6,25.1,1.7,1.9,512,0,2,FALSE
B08TTH85GD,68500,4,2,8,2,4,3,2,1920,1080,32.4,22,1.9,1.5,512,0,1,FALSE
B08MQDZ8KZ,68999,4,2,8,2,1,3,4,2560,1600,32.1,22.4,1.6,1.35,512,0,2,FALSE
B09C5WY7BM,60400,4,2,8,2,4,3,7,1920,1080,32.1,21.2,1.8,1.39,512,0,2,TRUE
B09NMMHWCY,54536,5,2,256,2,2,4,4,1920,1080,32.54,21.59,1.98,1.5,256,0,0,FALSE
B0BH4TFCS4,67990,4,2,8,2,1,3,4,1920,1080,35.8,23.4,2,1.65,512,0,0,FALSE
B09BVX13XW,51999,4,2,8,2,1,2,4,1920,1080,35.9,23.6,2,1.7,512,0,2,TRUE
B0BPQTCL3F,17990,1,2,4,0,1,2,4,1366,768,33,23,2,1.59,256,0,2,FALSE
B0BS1BVRZH,56990,5,2,16,0,1,3,5,1920,1080,32.5,21.7,1.7,1.41,512,0,0,TRUE
B08WPKF2TT,61665,4,2,4,2,2,3,4,1366,768,35.81,24.21,1.98,1.78,128,0,0,TRUE
B0C33TCJZW,61990,5,2,16,0,1,3,5,1920,1080,52.1,31.1,7.2,2.37,512,0,0,FALSE
B0BY8R63QQ,27027,1,2,8,0,1,3,4,1366,768,44.7,31.2,6.8,1.47,512,0,0,FALSE
B08259C169,57845,4,3,64,2,2,3,4,1366,768,32.4,22.59,1.99,1.54,64,0,1,TRUE
B0BF8KY397,18988,4,2,8,2,1,2,4,1366,768,38.1,25.4,5.08,1.5,256,0,0,FALSE
B0C1GGVD6H,95990,5,2,16,2,12,3,9,2880,1800,41.5,29,7.5,1.39,512,0,0,FALSE
B08CG7RNRZ,84999,4,2,16,0,8,4,4,2560,1440,32.4,22,2,1.7,1,1,2,FALSE
B08WRZQBQ6,91999,4,2,16,2,4,3,2,1920,1080,32.2,21.8,1.8,1.5,512,0,2,TRUE
B09K5R3B28,71150,5,2,8,2,1,2,4,1920,1080,36.5,24,1.9,1.7,512,0,2,FALSE
B0B1DK542Q,41990,5,2,8,0,1,2,4,1920,1080,35.7,23.5,1.9,1.7,512,0,2,TRUE
B094Y6G1GY,43390,4,1,4,2,1,3,4,1920,1080,32.8,23.9,2,1.58,1,1,0,FALSE
B0C1GKDD2N,45790,5,2,8,2,6,3,9,1920,1080,49.7,31.5,6.4,1.7,512,0,0,FALSE
B0BJ2LZXD9,33490,5,2,8,0,1,3,4,1366,768,35.9,24.2,1.8,1.69,256,0,0,TRUE
B0C3CN86WL,60990,5,2,16,0,6,3,2,1920,1200,46.2,28.8,6.5,1.5,512,0,0,FALSE
B088RNS2BM,36000,2,0,4,0,2,2,4,1920,1080,36.3,25.1,2,1.85,1,1,2,TRUE
B09G6W6C7Z,82098,4,2,8,2,4,3,4,1366,768,36.4,24.89,1.98,1.77,1,1,0,TRUE
B0BTWDW5ZK,104990,5,2,16,0,8,3,9,2880,1800,31.4,22.1,1.7,1.35,1,1,0,FALSE
B0B88K9XNJ,31990,5,2,8,0,2,3,5,1366,768,52.1,31.2,6.8,1.74,512,0,0,FALSE
B0B88F4MY4,37690,5,2,8,2,2,3,9,1920,1080,36,23.5,2,1.8,512,0,2,FALSE
B0BLP2M76W,145990,5,2,16,0,8,3,9,2560,1440,35.5,24.3,2,1.9,1,1,2,FALSE
B0BD7TSXSS,18057,5,0,8,2,1,3,4,1366,768,48,34,10,1.5,500,0,0,TRUE
B09SPZY67Q,74490,5,2,8,0,1,1,4,1920,1080,36.9,24.8,2.3,2.32,512,0,0,FALSE
B0BSDZY5FV,86990,5,2,16,2,12,3,9,2880,1800,15,14.5,6,1.7,512,0,0,FALSE
B0B3J21ZVB,93990,5,2,16,2,1,3,5,2880,1800,32.5,21.6,1.7,1.41,1,1,0,TRUE
B09VT6BVJF,51990,5,2,8,2,1,3,2,1920,1080,32.2,20.9,1.9,1.52,512,0,0,TRUE
B0BZYYN4P7,39490,5,2,8,0,1,3,5,1920,1080,52,31.3,7.1,1.75,512,0,0,FALSE
B08MQLRQ9K,57500,4,2,8,0,1,3,4,1920,1080,32.8,24,2,1.7,512,0,0,TRUE
B0B8RRLYSC,15488,4,0,8,2,1,2,4,1366,768,38.1,25.4,5.08,1.9,500,0,0,FALSE
B0746NCNSG,49579,4,2,4,2,4,1,4,1920,1080,34.29,24.51,1.8,1.65,32,0,2,TRUE
B076V3YMRY,54327,4,3,32,2,4,3,0,1920,1080,37.8,25.6,1.91,2.2,32,0,1,TRUE
B09ZF599V8,41790,5,2,8,2,2,4,4,1920,1080,43.29,27.5,6.4,1.4,512,0,0,FALSE
B0C1GHJB4X,74990,5,2,16,2,12,3,9,1920,1080,48.6,29.2,6.7,1.7,512,0,0,FALSE
B0BT7TSMHQ,38499,1,2,8,0,1,2,4,1920,1080,32,22,2,1,512,0,0,FALSE
B0B8RT9CR3,16590,4,2,8,2,1,2,4,1366,768,38.1,25.4,5.08,1.9,256,0,0,FALSE
B0BY353SDJ,379990,5,2,32,0,16,3,9,2560,1600,35.5,26.6,3,2.67,2,1,2,FALSE
B0BMVRVWF4,61480,5,2,8,0,6,3,9,1920,1080,35.9,25.6,2.3,2.3,1,1,2,FALSE
B0BHPT9LMM,95990,5,2,16,0,8,3,9,1920,1080,35.4,25.9,2.1,2.1,1,1,2,FALSE
B0BWNG5733,84990,5,2,8,0,1,1,4,1920,1080,36,27.1,2.6,2.5,512,0,0,FALSE
B08GJV73L6,49291,0,2,4,2,2,3,0,1920,1080,32.56,21.84,1.78,2.64,64,0,2,FALSE
B0BTWDX9PX,67990,5,2,16,0,6,3,9,2880,1800,31.7,22.2,2,1.6,512,0,0,FALSE
B09NLRVGN4,60500,4,2,8,2,1,3,4,1920,1080,90.9,59.7,4.8,1.8,512,0,0,FALSE
B07TD6T9WV,42946,0,3,16,2,4,3,0,1200,800,38.3,25.6,2.41,1.22,16,0,2,TRUE
B09RX35BKN,59490,5,2,8,0,1,3,4,1920,1080,37,26.2,2.4,2.48,512,0,0,TRUE
B0BHYQNX98,65916,5,2,8,2,1,3,4,1280,800,35.6,25.1,1.8,1.91,512,0,0,FALSE
B09C386RGG,41442,4,2,4,2,2,3,4,1366,768,33.7,22.6,1.79,1.44,64,0,2,FALSE
B0BS3X1ZBX,82990,5,2,16,2,1,3,2,1920,1200,29.8,21.5,1.6,1.32,512,0,0,FALSE
B08K864KJF,38198,4,2,4,2,2,3,4,1366,768,27.94,22.86,1.78,1.71,64,0,2,FALSE
B0C7HDXQ1C,36990,5,2,8,0,4,3,9,1920,1080,44.2,29.7,6.6,1.38,512,0,0,FALSE
B08K8F7CPL,61586,4,2,128,0,2,3,4,1366,768,44.45,30.48,6.99,2,128,0,0,TRUE
B07W315MPC,67774,4,2,128,2,2,3,4,1366,768,32.41,22.5,1.8,1.47,8,0,2,FALSE
B087N3PM7Y,66335,4,2,16,0,2,3,4,1366,768,32.51,22.61,2.03,1.47,1,1,0,TRUE
B08L5VBBCJ,47773,0,2,64,2,4,3,0,1366,768,32.51,21.84,21.84,1.45,64,0,0,FALSE
B096FX1JJZ,49212,4,3,4,2,2,4,4,1920,1080,32.51,21.69,1.83,1.3,128,0,1,TRUE
B07WZQFQTK,50716,4,2,32,2,1,3,4,1366,768,43.61,26.29,6.71,1.76,32,0,0,FALSE
B096W33V4T,39999,5,2,8,2,2,2,4,1920,1080,35.92,23.58,1.99,1.7,256,0,2,TRUE
B07WFM7FHJ,92810,4,0,4,2,4,3,4,1366,768,29.46,20.07,2.03,1.39,500,0,0,FALSE
B0891TPQ5V,17499,4,2,256,2,2,3,4,1366,768,14,12,10,2,256,0,0,TRUE
B09PYWW22J,112990,5,2,16,0,8,3,8,2880,1800,31.7,22.9,1.8,1.45,1,1,2,FALSE
B095BYNN8Z,26900,4,0,4,2,1,1,4,1366,768,36.3,25,2,1.9,1,1,2,TRUE
B0C2VXVPBD,42999,5,2,8,0,1,3,4,1024,768,52.2,30.6,7.2,2.55,512,0,0,FALSE
B07Y5PK8SC,90011,4,2,256,0,2,4,4,1920,1080,36.58,23.11,2.03,1.72,256,0,1,TRUE
B0B1M9HYBT,66990,5,2,16,2,1,3,4,1920,1080,32.5,21.7,1.7,1.41,512,0,0,TRUE
B0BTWDFKVV,64990,5,2,8,0,6,3,2,1920,1200,31.3,22.8,1.9,1.5,512,0,0,FALSE
B0BZYTPPZF,46990,5,2,8,0,1,3,5,1920,1080,53.2,32.2,6.6,1.75,512,0,0,FALSE
B0B4N77Y34,47990,5,2,16,0,1,3,4,1280,720,35.8,24.2,1.8,1.69,512,0,0,TRUE
B09BJ18HXP,120000,4,2,16,0,8,3,9,1920,1080,36.3,26.1,2.3,2.4,512,0,2,FALSE
B0858N8CGX,34679,0,3,64,2,2,3,0,1920,1080,32.54,23.19,1.98,1.68,64,0,0,TRUE
B097C2N78Q,68500,4,2,16,2,1,3,4,1920,1080,35.6,22.9,1.8,1.63,512,0,2,FALSE
B0B5R8QWBB,79990,5,2,16,0,1,3,5,1930,1080,35.8,25.5,2.4,2.37,512,0,0,FALSE
B09STBTV74,55990,3,2,16,2,1,1,4,1920,1080,36.3,23.9,1.8,1.8,512,0,0,TRUE
B088CDKJ7V,40990,4,2,8,0,8,1,4,1920,1080,36.3,25,2,1.9,512,0,0,TRUE
B0C1GF7C4S,38990,5,2,8,2,8,3,9,1920,1080,48,28,6,1.63,512,0,0,FALSE
B09F3RCSTL,95000,4,2,16,0,1,3,4,1920,1080,35.7,27.2,2.7,2.57,512,0,0,FALSE
B09RQK4HJY,63900,5,2,8,2,4,3,2,1920,1080,32.4,22,1.9,1.5,512,0,2,FALSE
B09S6RZJM9,231500,5,2,16,2,1,2,4,2560,1440,35.8,26.7,2.4,2.38,1,1,2,FALSE
B0C5T879ZT,42332,5,2,8,2,10,3,9,1920,1080,48.4,31.4,6.6,1.7,512,0,2,TRUE
B0B5XSPQZC,18999,1,0,4,0,1,1,6,1366,768,33,23,2,1.59,1,1,2,FALSE
B0BKQ8K9PX,97781,5,2,16,0,8,3,4,1920,1080,35.84,24.21,1.98,1.81,1,1,0,FALSE
B09Q5BV1TV,34999,5,2,8,2,2,3,9,1920,1080,32.7,24.1,2,1.5,256,0,2,TRUE
B0BSDYWDNG,59990,5,2,8,2,10,3,9,1920,1080,48.4,29.5,6.7,1.7,512,0,0,FALSE
B0BW3BYRC7,364990,5,2,32,2,14,1,3,2560,1600,35.5,24.6,2.1,2.3,2,1,2,FALSE
B0C27VNNWH,66800,5,2,8,2,6,3,9,1920,1080,25,23.5,3,2.6,512,0,2,FALSE
B097C35Y77,107400,4,2,16,2,1,3,4,1920,1080,30.2,19.9,1.6,1.16,512,0,0,FALSE
B093HC6BXN,62500,4,2,8,2,1,3,4,1920,1080,32.8,24,2,1.7,512,0,0,TRUE
B0C1GJPZXZ,65990,5,2,16,0,6,3,9,1920,1080,48.79,29.7,13.4,1.7,512,0,0,FALSE
B0C1GGC7C8,46990,5,2,8,2,8,3,9,1920,1080,48,29.5,6.4,1.63,512,0,0,FALSE
B09RTR7T5K,62990,4,1,16,2,4,4,4,1920,1080,46,29,6.4,1.8,1,1,0,FALSE
B0B63YHR2Z,130752,5,2,16,2,1,3,2,3000,2000,29.8,22,1.6,1.34,512,0,0,FALSE
B0C3MGKNMJ,67990,5,2,8,2,1,3,5,1920,1080,52.2,31.2,6.7,1.6,1,1,0,FALSE
B09G9JBTQX,109410,5,2,16,0,1,1,4,1920,1080,32.3,21.2,1.8,1.39,1,1,0,FALSE
B09TPHM8WK,256990,5,2,32,2,14,1,3,2560,1440,35.4,25.9,2.72,2.3,32,0,2,FALSE
B0BM6N4DCN,53250,5,2,8,2,10,3,9,1920,1080,36,23.3,2,1.7,512,0,2,FALSE
B0BHYXK1LT,89990,5,2,16,2,1,3,4,1280,800,29.6,21.3,1.6,1.25,512,0,0,FALSE
B09DPWDWYD,49990,4,2,512,0,6,4,4,1920,1080,36.02,23.49,1.99,1.8,512,0,0,TRUE
B0BQMTSVRG,124990,5,2,16,2,12,2,4,2560,1600,30.1,20.6,1.5,0.984,1,1,2,FALSE
B0BQSNSY42,62990,5,2,16,0,6,3,9,1920,1080,35.7,22.8,2,1.7,512,0,2,FALSE
B0BLP1BPYS,211990,5,2,16,0,8,3,9,2560,1440,35.5,24.3,2,1.9,1,1,2,FALSE
B08HR2HFYR,91600,4,2,8,2,1,1,4,1920,1080,36.3,25.4,2,2.1,512,0,0,TRUE
B09FPBZQDL,58990,4,2,8,2,4,2,4,1920,1080,31.9,21.9,1.69,1.3,512,0,0,FALSE
B07F32YFDL,92314,4,2,256,2,4,3,4,1920,1080,30.7,21.2,1.5,1.95,256,0,1,TRUE
B0B93ZMNWJ,194990,5,2,16,0,8,3,1,1920,1080,39.5,28.2,2.3,2.9,1,1,2,FALSE
B07Y5PDX7D,91371,4,2,256,0,2,4,4,1920,1080,36.58,23.11,2.03,1.72,256,0,3,TRUE
B08HSNRFTX,51373,4,0,128,2,2,3,4,1366,768,35.84,23.55,1.73,2,500,0,3,TRUE
B0B5DRTH1L,178500,5,2,16,2,1,3,4,3840,2160,29.5,19.9,1.5,1.24,1,1,0,FALSE
B095SBXKLW,79000,4,2,16,2,1,3,4,1920,1080,35.7,27.2,2.3,2.44,512,0,0,FALSE
B0BWF381Z8,54990,5,2,16,0,1,3,4,1920,1080,36,23.4,1.8,1.75,512,0,0,TRUE
B0BDQ9G6H5,50267,5,2,8,0,6,3,8,1920,1200,35.8,24.8,2,1.8,512,0,2,FALSE
B0746NCNSG,49579,4,2,4,2,4,1,4,1920,1080,34.29,24.51,1.8,1.65,32,0,2,TRUE
B09F3NGT33,84999,4,2,16,2,1,3,4,1920,1080,32.1,21.1,1.8,1.5,512,0,0,FALSE
B07XJ7PXT4,28989,0,2,32,2,2,3,0,1366,768,29.59,19.89,1.8,0.45359,32,0,3,TRUE
B0943S58GC,89990,4,2,8,0,8,5,9,2560,1080,34,24.4,1.5,1.54,256,0,0,FALSE
B09WG51NHS,31990,5,2,8,2,4,3,9,1366,768,32.5,21.7,1.8,1.3,256,0,2,FALSE
B0B5HCBGZT,38990,5,2,8,2,1,3,4,1920,1080,35.8,24.2,1.8,1.69,512,0,0,TRUE
B0BB7FQBBS,39750,5,2,8,2,1,3,4,1920,1080,35.8,23.5,1.9,1.8,512,0,0,TRUE
B0999BYH8Z,61200,4,2,16,2,4,2,4,1920,1080,35.7,23.3,1.8,1.66,512,0,2,FALSE
B09NGMBZGB,17244,4,2,8,2,1,3,4,1920,1080,33.4,23.1,2.7,2.6,256,0,0,TRUE
B09RZRF1PJ,44490,5,2,8,0,1,3,4,1920,1080,35.9,24.2,1.8,1.69,512,0,0,TRUE
B09YHCTHDY,71990,5,2,8,2,12,4,9,1920,1080,36,23.3,1.9,1.8,512,0,2,TRUE
B0B3JMP5F9,15998,5,0,4,2,1,3,4,1366,768,38.1,22.86,2.54,1.76,500,0,0,FALSE
B0BRT8BRKY,80990,5,2,16,2,1,3,5,1920,1080,32.5,21.6,1.7,1.41,1,1,0,FALSE
B08W9WK8Q9,58500,4,2,8,2,2,3,2,1920,1080,32.2,21.8,1.8,1.5,256,0,2,TRUE
B09NLS7RWY,44150,4,2,8,2,1,3,4,1920,1080,90.9,59.7,4.8,1.8,256,0,0,FALSE
B08KHWLFXJ,66414,0,2,4,2,2,3,0,1360,768,32.51,22.61,1.88,1.65,128,0,1,FALSE
B0BTWF2BQN,36990,5,2,8,0,4,3,9,1920,1080,32.5,21.4,1.8,1.38,512,0,0,FALSE
B0814LGNBP,57270,4,2,128,2,2,3,4,1366,768,32.41,22.5,1.8,1.47,128,0,0,TRUE
B095S7WMDZ,76500,4,2,16,2,1,3,4,1920,1080,32.1,21.1,1.8,1.5,512,0,2,TRUE
B0BMPK19NK,109990,5,2,16,2,12,3,9,2880,1800,31.4,22.1,1.7,1.39,512,0,2,FALSE
B08K3NGK2Z,88429,4,2,8,2,4,1,4,1920,1080,36.32,24.64,1.98,2.45,256,0,1,TRUE
B0BF8GQV43,17997,4,0,8,2,1,2,4,1366,768,38.1,25.4,5.08,1.5,500,0,0,FALSE
B0B5R97495,68900,5,2,8,0,1,3,5,1280,720,35.8,25.5,2.4,2.37,512,0,0,FALSE
B07W7PWTL5,92666,4,2,256,0,2,4,4,1920,1080,42.29,25.6,6.4,1.5,256,0,1,TRUE
B0C37B2V6Q,86990,5,2,16,2,12,3,9,1920,1200,49.2,31,6.7,1.8,512,0,0,FALSE
B0BDM1FBR9,70990,5,2,16,2,1,1,4,1920,1080,32.4,22.1,1.9,1.59,512,0,2,TRUE
B09F3PY7K2,77500,4,2,16,2,1,3,4,1920,1080,35.7,27.2,2.5,2.65,512,0,0,TRUE
B09LJ437SS,56990,5,2,16,2,4,3,8,1920,1080,35.9,23.5,1.8,1.8,1,1,2,TRUE
B0B92MYGKP,88900,5,2,16,2,1,2,4,1280,720,39.8,27.3,2.5,2.6,512,0,2,FALSE
B0B9448LFB,139199,5,2,16,0,8,3,1,2560,1440,35.5,24.3,2,1.9,1,1,2,FALSE
B0B4WJK6SF,25990,5,2,4,2,4,3,8,1366,768,32.5,21.7,1.8,1.3,256,0,2,FALSE
B09F3QVLD1,75000,4,2,8,2,1,3,2,1920,1080,32.1,21.1,1.8,1.5,512,0,0,TRUE
B0BRYD57TF,64990,5,2,8,2,8,3,9,1920,1200,49.2,31.1,6.4,1.8,512,0,0,FALSE
B0BMPV39DV,184980,5,2,32,2,14,3,9,3840,2400,35.5,24.9,2,2.3,1,1,2,FALSE
B097C2FLFM,80900,4,2,8,2,1,3,4,1920,1080,32.1,21.1,1.8,1.5,512,0,0,TRUE
B0C3CGR3JV,48990,5,2,8,2,1,3,5,1920,1080,52.1,31.2,6.9,1.75,512,0,0,TRUE
B0BZS88YPT,42990,5,2,8,2,1,3,5,1920,1080,48.7,30.7,8.4,1.41,512,0,0,TRUE
B0B8NWVL42,17198,5,2,8,2,1,2,4,1366,768,38.1,25.4,5.08,1.9,256,0,0,FALSE
B09VQ4ZT6G,72990,5,2,16,2,1,3,2,1920,1080,32.2,20.9,2,1.52,512,0,0,TRUE
B0BXLPL4KX,77990,5,2,16,0,1,3,5,1920,1200,30.9,20.5,1.7,0.97,1,1,0,FALSE
B0C1GKNK74,56990,5,2,8,2,10,3,9,1920,1080,48.2,29,6.4,1.7,512,0,0,FALSE
B0B8S46DWM,16998,5,0,8,2,1,3,4,1366,768,38.1,25.4,5.08,1.76,320,0,0,FALSE
B09HQYJBRV,79990,4,0,8,2,2,3,9,1920,1080,35.9,23.5,1.8,1.8,1,1,2,FALSE
B0C5Y3JBC4,56408,5,2,16,2,8,3,9,1920,1080,50.5,35.29,8.8,1.7,512,0,0,FALSE
B0BMVSKSJ6,100990,5,2,16,0,8,3,9,1920,1080,35.4,25.9,2.1,2.1,1,1,2,FALSE
B0BSNMM83B,114990,5,2,16,2,1,0,2,1920,1080,35.5,22.8,1.4,1.49,512,0,0,FALSE
B0BSGRKLM5,130000,5,2,16,0,1,3,5,1920,1080,35.8,24,2.3,2.37,512,0,0,FALSE
B0BW39FLLG,279990,5,2,32,2,24,1,3,1920,1200,39.9,29.4,2.3,3.1,1,1,2,FALSE
B07VVJGFWV,99285,4,2,256,2,4,3,2,1920,1080,34.29,22.35,2.03,1.6,256,0,3,TRUE
B086R6L9C8,47300,1,2,4,2,1,2,4,1920,1080,32.5,23.2,1.9,1.69,256,0,0,TRUE
B0BW39VX4B,299990,5,2,32,2,14,1,3,2560,1600,35.5,24.6,2.1,2.3,1,1,2,FALSE
B0BW3CGH1Z,279990,5,2,32,2,24,1,3,2560,1600,35.4,26.4,2.3,2.5,1,1,2,FALSE
B0B93WNZ2N,174000,5,2,16,0,8,3,1,2560,1440,35.5,24.3,2,1.9,1,1,2,FALSE
B0B91KS5HK,86000,5,2,16,2,1,2,4,1920,1080,35.9,25.9,2.5,2.6,512,0,2,TRUE
B0BHGVW38M,65990,5,2,16,2,10,3,9,2880,1800,31.7,22.2,2,1.6,512,0,2,FALSE
B0B8RPDSXP,15561,4,0,4,2,1,2,4,1366,768,38.1,25.4,5.08,1.9,500,0,0,TRUE
B0B466MJBW,55200,5,2,8,2,1,1,4,1920,1080,35.8,23.5,1.9,1.8,256,0,0,FALSE
B09V1GMW72,52990,5,2,8,0,1,1,4,1920,1080,32.5,21.7,1.7,1.41,512,0,0,TRUE
B0BD7XSMXQ,39086,5,0,8,2,1,3,4,1366,768,35.56,25.4,2.54,1.5,1,1,0,FALSE
B096SLFV5G,62899,4,2,16,2,4,3,9,1920,1080,35.7,23.3,1.8,1.66,512,0,2,TRUE
B09ZV5CDWD,49490,5,2,8,0,6,3,8,1920,1200,35.84,24.77,1.99,1.8,512,0,2,TRUE
B0B6F6ZPMZ,27490,5,2,8,0,1,3,5,1366,768,32.5,21.6,1.7,1.41,256,0,0,FALSE
B0BHZ7SVT4,289990,5,2,16,2,10,3,9,2560,1920,37.9,28.8,1.3,1.5,1,1,2,FALSE
B0C6HTW7R8,62990,5,2,16,2,4,2,4,1920,1080,53.5,33,7.6,1.65,512,0,2,FALSE
B09NBMR8HZ,105000,5,2,16,2,4,3,7,2240,1400,31.2,22.1,1.8,1.41,512,0,2,FALSE
B07HPNT89Z,57327,4,0,8,2,1,1,4,1366,768,38.1,25.9,2.1,2.2,1024,0,2,FALSE
B0BLP229P9,145990,5,2,16,0,8,3,9,2560,1440,35.5,24.3,2,1.9,1,1,2,FALSE
B0BLZDFNGG,36990,1,2,8,0,1,2,4,1920,1080,35.9,23.6,2,1.7,512,0,0,FALSE
B09S6TH331,128500,5,2,16,2,1,3,4,2560,1440,35.9,25.9,2.7,2.47,1,1,2,FALSE
B0BNHH8L9L,35990,5,2,8,2,2,3,9,1920,1080,32.5,21.6,2,1.6,512,0,2,TRUE
B0B5S3LMND,123990,5,2,16,0,8,3,3,1920,1080,35.4,25.9,2.3,2.3,1,1,2,FALSE
B0C1GGLV9Z,86990,5,2,16,2,12,3,9,2880,1800,45.79,29.2,6.5,1.7,512,0,0,FALSE
B0B93VJXYS,156990,5,2,16,0,8,3,1,1920,1200,31.2,22.7,1.9,1.65,1,1,2,FALSE
B0B8NXBCKQ,15696,5,2,8,2,1,2,4,1366,768,38.1,25.4,5.08,1.9,128,0,0,FALSE
B09HQZX4K1,30990,1,2,4,2,1,2,4,1920,1080,35.9,23.6,2,1.7,256,0,2,FALSE
B0B4V796CK,110990,5,2,16,2,12,3,9,2560,1600,37.9,25.9,1.8,1.35,1,1,0,FALSE
B0BXLP49KJ,67990,5,2,16,0,1,3,5,1920,1200,30.9,20.5,1.7,0.97,512,0,0,TRUE
B099VZ7493,37990,4,2,8,0,1,3,4,1920,1080,35.9,24.2,1.8,1.69,512,0,0,TRUE
B0BVVMXRGG,109595,5,2,16,2,10,3,9,2880,1800,45.29,29.8,10.1,1,512,0,0,FALSE
B0BW37C75X,284990,5,2,32,2,24,1,3,2560,1600,35.4,26.4,2.3,2.5,1,1,2,FALSE
B0B5S65L2G,210990,5,2,16,0,8,3,3,2560,1440,39.5,28.2,2.3,2.9,1,1,2,FALSE
B0BY31M1T6,429990,5,2,32,0,16,3,9,2560,1600,35.5,26.6,3,2.67,2,1,2,FALSE
B0BRQ2937T,29161,5,2,8,0,1,3,5,1024,768,44.79,30.4,6.9,1.47,512,0,2,FALSE
B09Q5F1GTP,60990,5,2,16,2,4,3,9,1920,1080,35.7,23.3,2,1.66,512,0,2,TRUE
B0BH4SQPQL,56200,4,2,8,2,1,3,4,1920,1080,35.8,23.5,2.1,1.65,512,0,0,FALSE
B0BSNPDKJ3,104990,5,2,16,2,1,0,2,1920,1080,30.4,20.2,1.3,1.16,512,0,0,FALSE
B0B7R7HFKL,26989,5,2,8,2,2,3,4,1920,1080,36.2,25.3,2,1.7,256,0,2,TRUE
B0B8S1GNY3,20396,5,0,8,2,1,3,4,1366,768,38.1,25.4,5.08,1.76,500,0,0,FALSE
B099PPLL7S,96500,4,2,16,2,6,1,3,1920,1080,39.9,26.9,2.3,2.6,512,0,2,FALSE
B0C1GH6M8M,48500,5,2,8,2,8,3,9,1920,1080,47.9,29.7,6.4,1.63,512,0,0,FALSE
B0BNPSZMD4,80990,5,2,8,2,1,3,4,1920,1200,29.8,21.5,1.6,1.34,512,0,0,FALSE
B0B2WRVD75,55990,5,2,8,0,1,3,4,1920,1080,32.3,21.9,2.2,1.48,512,0,0,FALSE
B0BVQS5K7B,60380,5,2,16,0,6,1,3,1920,1080,35.9,25.6,2.3,2.3,512,0,2,FALSE
B0BSH5GLB3,134990,5,2,16,2,1,0,9,2880,1800,31.2,22.4,1.1,1.17,512,0,0,FALSE
B0BJQL9FS7,42450,5,0,8,2,1,3,9,1920,1080,35.9,23.5,1.8,1.8,256,0,2,FALSE
B0BPJFZKK6,74999,5,2,8,2,12,3,9,1920,1080,36,23.3,2,1.7,512,0,0,FALSE
B0BZRQ2FF2,32990,5,2,8,0,1,1,4,1920,1080,50.4,32.29,7.2,1.78,256,0,0,TRUE
B09YTV3GW4,116990,5,2,16,0,8,3,9,1920,1080,35.4,25.1,2.2,2.2,1,1,2,FALSE
B0BCK2315K,60008,5,2,8,0,6,3,2,1920,1200,31.3,22.8,1.9,1.5,512,0,2,FALSE
B0BLH4CHMV,52990,5,2,16,0,6,3,9,1920,1200,35.8,24.8,2,1.88,512,0,2,FALSE
B09WDZ1G4N,128832,5,2,16,2,8,2,4,2560,1440,35.6,26,21.7,2.5,1,1,2,FALSE
B0BYT3QCGC,44999,0,2,8,3,1,3,5,1920,1080,30.8,20.9,1.7,1.49,256,0,0,FALSE
B09Q5LLSVW,129990,5,2,16,2,4,3,2,3840,2160,32,21.7,1.7,1.44,1,1,2,FALSE
B091FK29DS,57990,4,2,8,0,1,3,4,1920,1080,36,25.6,2.3,1.98,512,0,0,TRUE
B09XX4GPS6,64500,5,2,8,2,1,3,4,1920,1080,32.8,23.9,2,1.59,512,0,0,FALSE
B09WVWCJMR,19469,4,0,4,0,1,3,4,1366,768,32,23.5,1.8,1.6,1,1,2,FALSE
B0BDPWQLLS,189889,5,2,16,0,8,3,1,2560,1440,35.4,25.9,2.3,2.3,1,1,2,FALSE
B08M5PFY5F,64999,4,2,8,2,1,3,4,1920,1080,35.6,23.5,1.8,1.65,512,0,2,TRUE
B0B911ML5C,88900,5,2,16,2,1,2,4,1280,720,35.9,25.9,2.5,2.25,512,0,2,FALSE
B09VPNN9HN,28780,5,2,4,2,2,3,9,1366,768,29.5,20.5,2,1.4,128,0,0,FALSE
B0BRZVQZDK,47900,5,2,8,2,8,3,9,1920,1080,57,18,15,1.63,512,0,0,FALSE
B0B5B8HNLF,81990,5,2,16,2,14,3,9,1920,1080,36,23.3,1.9,1.8,512,0,2,FALSE
B08MQ6VQL2,62500,4,2,8,2,1,3,4,1920,1080,32.8,24,2,1.64,512,0,0,FALSE
B0BLH8B7CS,41500,1,2,8,2,1,2,4,1920,1080,53.8,33.4,7.3,2.4,512,0,2,FALSE
B0B63ZSYD5,104990,5,2,16,2,1,3,2,2880,1800,30.6,19.4,1.6,1.32,1,1,0,FALSE
B0B7R5XVF3,66500,5,2,16,2,10,2,4,1920,1080,35.6,26.4,2.7,1.85,512,0,2,TRUE
B089PDVCTN,82880,4,0,8,2,4,2,4,1920,1080,32.5,23.2,2.1,1.77,500,0,0,FALSE
B09CQCMN9J,147990,4,2,16,0,8,4,4,1920,1080,35,30,8,2,1,1,0,FALSE
B0B468JYQQ,53300,5,2,8,2,1,1,4,1920,1080,32.3,22,2.3,1.48,512,0,0,TRUE
B0B8SN17C8,195600,5,2,16,2,14,4,4,3840,2400,36.2,26.4,2.1,2.4,1,1,2,FALSE
B0B74ZY9R1,62890,5,2,8,2,1,3,5,1920,1080,35.8,24,2.3,2.37,512,0,0,TRUE
B0BQMTSVRG,123980,5,2,16,2,12,2,4,2560,1600,30.1,20.6,1.5,0.984,1,1,2,FALSE
B0BSH4MRWR,159990,5,2,16,2,1,0,9,2880,1800,35.5,25.1,1.3,1.56,1,1,0,FALSE
B0BXB3R2JL,59990,5,2,8,2,1,3,5,1920,1080,32.4,22.5,1.8,1.46,1,1,0,FALSE
B0BW39J8C3,269990,5,2,16,0,16,1,3,2560,1440,39.5,28.2,2.3,3,1,1,2,FALSE
B0BCKM5W8T,395990,5,2,32,2,16,1,3,2560,1440,39.5,28.2,2.3,3,4,1,2,FALSE
B0B5KTSVTG,58990,5,2,16,2,1,1,4,1920,1080,36.3,23.8,1.8,1.8,512,0,0,TRUE
B0B5DZTNZQ,49990,5,2,8,0,6,1,3,1920,1080,35.9,25.6,2.28,2.3,512,0,2,TRUE
B0B5H5DW11,49990,5,2,8,2,1,3,4,1280,800,35.8,23.5,1.9,1.8,512,0,0,FALSE
B0C1BGCPX9,89990,5,2,16,0,1,1,4,1920,1080,59.5,45.79,9.8,2.5,512,0,0,FALSE
B09M3GP7K6,73990,3,2,8,2,1,1,4,1920,1080,31.9,20.7,1.5,1.05,512,0,0,FALSE
B0C1GCY7ZX,38990,5,2,8,2,8,3,9,1920,1080,48.1,29.4,6.6,1.63,512,0,0,FALSE
B0BTWDSFLL,73990,5,2,16,0,8,3,9,2880,1800,31.7,22.2,2,1.6,512,0,0,FALSE
B0B4KD52ZC,54990,5,2,8,2,10,3,7,1920,1080,35.9,23.7,2,1.63,512,0,2,TRUE
B0B56YB7FK,181990,5,2,16,0,8,3,3,2560,1440,39.5,28.2,2.3,2.9,1,1,2,FALSE
B0B2RDFGY1,40999,5,2,8,2,1,2,4,1920,1080,32.3,21.8,1.8,1.4,512,0,2,FALSE
B0B2DZ92FM,99990,5,2,16,4,8,3,3,1920,1080,36.3,26.1,2.3,2.25,512,0,2,FALSE
B0C3MGXYGK,63990,5,2,8,2,1,3,5,1920,1080,51.7,30.7,7.2,1.6,512,0,0,FALSE
B0999929LG,104500,4,2,16,2,4,2,4,1920,1080,32,21.5,1.8,1.43,125,0,2,FALSE
B0B6F5TDK4,32999,5,2,8,0,1,3,5,1366,768,35.8,24.2,1.8,1.69,512,0,0,TRUE
B0C1GH5S7G,45990,5,2,8,2,6,3,9,1920,1080,48.29,36.9,6.4,1.7,512,0,0,FALSE
B0BXLR9TK4,78490,5,2,16,0,1,3,5,1920,1200,30.9,20.5,1.7,0.97,1,1,0,FALSE
B0BTWG1BHC,59990,5,2,16,0,4,3,9,1920,1080,36,23.3,1.8,1.63,512,0,0,FALSE
B08MPXD3YD,62700,4,1,256,2,1,3,4,1920,1080,36.3,25,2,1.96,1,1,0,TRUE
B0BBN4WKR9,22998,5,2,8,2,1,3,4,1366,768,38.1,25.4,5.08,1.7,256,0,0,FALSE
B0C27TZ8CB,62990,5,2,8,2,6,3,9,1920,1080,43,31.2,10.2,2.3,512,0,2,FALSE
B0BSG1S3GN,57990,5,2,8,0,1,3,5,1920,1080,35.8,24,2.3,2.37,512,0,0,FALSE
B0B6GJH5Q7,55990,5,2,8,0,6,3,7,1920,1080,36,25.2,2.4,2.25,512,0,2,TRUE
B0BMPB62V6,93930,5,2,16,2,12,3,9,2880,1800,31.4,22.1,1.7,1.39,512,0,2,FALSE
B0C3D8KLFS,42990,5,2,8,2,1,3,5,1920,1080,44.9,31.3,7.2,1.41,512,0,0,FALSE
B0BNJ4MNGQ,129990,5,2,32,0,1,3,5,1920,1080,36,25.7,2.4,2.25,1,1,2,FALSE
B0C3MJZ5YB,65990,5,2,16,2,1,3,5,1920,1080,52.2,30.8,7.1,1.6,512,0,0,FALSE
B0BSKPDWQ8,39999,5,2,8,2,1,3,5,1920,1080,32.4,22.5,1.8,1.46,512,0,0,FALSE
B0BMPPSLHZ,72990,5,2,16,0,6,3,9,1920,1080,36,23.5,1.9,1.65,512,0,2,FALSE
B081V6W99V,31437,4,3,64,2,2,4,4,1366,768,27.94,19.05,1.7,1.05,64,0,1,TRUE
B0BDZ82RKD,103190,5,2,16,0,1,3,5,1920,1080,36.9,24.8,2.3,2.32,512,0,0,FALSE
B0BH4TCV5L,69950,4,2,8,2,1,3,4,1920,1080,35.8,23.5,2.1,1.65,512,0,0,FALSE
B09GB4WL9S,51700,4,2,4,2,1,2,4,1920,1080,36.5,24,1.9,1.7,256,0,2,FALSE
B0C3RF3HT3,48890,5,2,8,2,1,3,5,1920,1080,52,30.8,6.9,1.6,512,0,0,FALSE
B0BQBRQZWB,53990,4,2,16,2,1,2,4,1920,1080,35.9,24.1,2,1.7,512,0,2,FALSE
B0BQSH511C,50990,5,2,16,0,4,3,9,1920,1080,36,23.3,1.8,1.8,512,0,2,FALSE
B096VHGPC9,156199,4,2,16,0,8,4,4,1920,1080,35.4,25.9,2.7,2.3,1,1,2,FALSE
B0C3RCP717,62990,5,2,8,2,1,3,5,1920,1080,52.4,31.1,7.2,1.6,512,0,0,FALSE
B0BXLQWLPC,77990,5,2,16,0,1,3,5,1920,1200,30.9,20.5,1.7,0.97,1,1,0,FALSE
B09TNWYR3Q,36999,5,2,8,0,1,1,4,1366,768,35.8,23.5,1.7,1.68,256,0,0,TRUE
B0BRYZVQVH,63990,5,2,16,0,6,3,9,1920,1080,36,23.4,1.9,1.8,512,0,2,FALSE
B0B7RSF751,69990,5,1,8,2,4,3,7,1920,1080,36,25.2,2.4,2.25,1,1,2,FALSE
B0C5983N1X,68320,5,2,16,2,1,3,5,1920,1080,50,30,7,1.74,512,0,0,FALSE
B0BQMZG1SL,38990,5,2,8,0,1,3,5,1920,1080,35.9,24.2,1.8,1.69,512,0,0,TRUE
B0979M4T4X,31999,4,2,4,2,1,2,4,1920,1080,36.2,25.2,2,1.85,256,0,2,FALSE
B0979MMPMY,39999,4,2,4,2,1,2,4,1920,1080,36.2,25.2,2,1.85,256,0,2,FALSE
B0B5RDSSWR,59520,5,2,8,0,1,3,5,1280,720,35.8,25.5,2.4,2.37,512,0,0,FALSE
B0B7SQPJPL,72800,5,2,16,2,12,3,9,1920,1080,36,23.3,1.9,1.8,512,0,2,FALSE
B09TNXY52D,110000,3,2,16,2,1,3,4,1920,1080,35.7,27.2,2.5,2.65,512,0,0,FALSE
B0BLNZV6MV,150990,5,2,16,0,8,3,9,2560,1440,35.5,24.3,2,1.9,1,1,2,FALSE
B0BYJGR7CR,45990,5,2,8,2,6,3,9,1920,1080,8,3,1,1.7,512,0,0,FALSE
B0B8NWXNLB,21588,4,0,8,2,1,3,4,1366,768,38.1,25.4,5.08,1.76,1,1,0,TRUE
B0BQJ68HHC,41490,5,2,8,2,1,3,4,1920,1080,32.3,22,1.9,1.48,512,0,0,TRUE
B096SKFBCF,63999,4,2,8,0,6,3,9,1927,1080,32.4,21.6,2,1.41,512,0,2,TRUE
B0B69LVPBT,26990,5,2,8,2,1,3,5,1366,768,32.4,22.5,1.8,1.46,256,0,0,TRUE
B09V87RG9H,22145,5,2,8,2,1,3,4,1366,768,35.56,25.4,2.54,1.5,256,0,0,TRUE
B0B73LSMSK,139990,4,2,16,2,1,2,4,1920,1080,35.8,24.8,1.7,1.8,1,1,2,FALSE
B0B56CKQC2,166990,5,2,16,2,14,3,3,2560,1600,36,26.4,2,2.49,1,1,2,FALSE
B0B7RYWHXX,82990,5,2,16,2,10,3,7,1920,1080,35.7,23.3,1.7,1.85,512,0,2,FALSE
B0B2WRG4RX,64644,5,2,8,2,1,3,4,1920,1080,35.6,22.9,1.8,1.64,512,0,0,TRUE
B09L55THRG,35990,4,2,8,2,1,3,4,1920,1080,36.4,24.4,2,1.8,256,0,0,TRUE
B0B8ZT96HS,49490,5,2,8,0,6,3,9,1920,1200,35.8,24.8,2,1.8,512,0,2,TRUE
B0B8SRPK6C,219990,5,2,32,2,14,4,4,3840,2400,36.2,26.4,2.1,2.4,1,1,2,FALSE
B081ZFFJ46,64112,4,2,4,2,2,3,4,1366,768,33.58,23.29,2.03,0.45359,128,0,1,TRUE
B09QT88ZNR,38800,5,2,8,2,2,3,7,1920,1080,36.2,25.3,2,1.7,256,0,2,TRUE
B09WDHWMQY,62750,5,2,8,2,1,3,4,1920,1080,36,23.4,1.8,1.75,512,0,0,TRUE
B0B93ZG2R5,171990,5,2,16,0,8,3,2,2560,1600,35.5,24.3,1.9,2,1,1,2,FALSE
B0C1GG71Y6,112990,5,2,16,2,14,3,9,2880,1800,46.29,29.1,6.6,1.7,1,1,0,FALSE
B09TNXLPBL,126000,3,2,16,0,1,3,4,1920,1080,35.7,27.2,2.7,2.57,512,0,0,FALSE
B0BM5PBGZJ,26245,5,2,4,2,2,3,9,1366,768,32.5,21.7,1.8,1.3,256,0,2,FALSE
B0C1GHVDS1,99525,5,2,16,2,12,3,9,2880,1800,41,22,11,1.39,512,0,0,FALSE
B09Y96NF1F,57990,5,2,16,0,1,3,5,1920,1080,32.5,21.7,1.7,1.41,512,0,0,FALSE
B0C1GH9Z3T,64990,5,2,16,2,12,3,9,1920,1200,48.7,30.9,6.5,1.88,512,0,0,FALSE
B09RMTMBSM,54990,5,2,8,2,4,1,3,1920,1080,35.9,25.6,2.49,2.3,512,0,2,TRUE
B09C5WY7BM,60300,4,2,8,2,4,3,7,1920,1080,32.1,21.2,1.8,1.39,512,0,2,TRUE
B0BWS9YNCX,64990,5,2,16,0,1,3,5,1920,1080,35.8,24,2.3,2.37,512,0,0,TRUE
B0C3RDM59N,55990,5,2,16,2,1,3,5,1920,1080,52,30.7,7.3,1.69,512,0,0,TRUE
B0C2ZC796J,54990,5,2,8,0,1,3,5,1920,1080,52.2,30.9,6.7,2.37,512,0,0,FALSE
B0BMVSC2ZP,180990,5,2,32,0,8,3,9,2560,1600,31.2,22.7,2,1.72,1,1,2,FALSE
B0B9HPSMXK,94990,5,2,16,0,8,3,2,1920,1200,29.9,22.2,1.6,1.3,1,1,2,FALSE
B0B56DRGBC,80500,5,2,16,0,8,3,3,1920,1080,36,25.2,2.4,2.25,512,0,2,TRUE
B0BF8WMK22,23590,4,2,16,2,1,2,4,1366,768,38.1,25.4,5.08,1.5,512,0,0,FALSE
B0C1GF7C4S,38890,5,2,8,2,8,3,9,1920,1080,48,28,6,1.63,512,0,0,FALSE
B0B4N6JVMW,40990,5,2,8,2,1,3,4,1920,1080,35.8,24.2,1.8,1.69,512,0,0,TRUE
B0B4KJ21KV,75299,5,2,8,2,1,3,9,1536,1024,27.7,20.6,1.5,1.12,256,0,0,FALSE
B0B469FZ7Q,51600,5,2,8,2,1,3,4,1920,1080,35.8,23.5,1.9,1.8,512,0,0,FALSE
B0C3CPDC41,73550,5,2,16,0,1,1,4,1920,1080,48,42.79,9.2,1.25,512,0,0,FALSE
B09MH5MLYP,62490,5,2,16,2,1,3,5,1920,1080,32.5,21.6,1.7,1.41,512,0,0,TRUE
B0B4WJZT12,66990,5,2,16,0,8,3,8,1920,1080,36,23.4,1.9,1.8,512,0,2,FALSE
B0BF8ZRDQL,21895,4,0,8,2,1,2,4,1366,768,38.1,25.4,5.08,1.5,1,1,0,FALSE
B0C49C3W9X,46990,1,2,8,0,8,3,5,1920,1080,48.4,30.9,6.9,1.37,512,0,0,FALSE
B0B31S59RH,87990,5,2,8,0,1,3,4,1920,1080,37,26,2.4,2.48,512,0,0,FALSE
B09MHTJRWC,88990,5,2,16,2,1,3,9,2560,1600,35.6,24.3,1.7,1.19,512,0,0,TRUE
B0C1GH9RKB,109990,5,2,16,2,12,3,2,2880,1800,41.2,28.7,7.5,1.5,512,0,0,FALSE
B0B8RYYVSR,17679,5,2,8,2,1,3,4,1366,768,38.1,25.4,5.08,1.76,256,0,0,FALSE
B09792BBPW,65600,4,2,8,2,4,1,3,1920,1080,35.9,25.6,2.5,2.3,1,1,2,TRUE
B0C6R3DNCM,67999,5,2,8,4,1130,3,4,1920,1080,55.29,31,7.2,3.24,512,0,2,FALSE
B0B6F6HN37,62290,5,2,16,2,1,3,5,1920,1080,35.8,24.2,1.8,1.69,512,0,0,TRUE
B0C27SD9YR,66990,5,2,16,2,6,3,9,1920,1080,43,31.1,10.5,2.3,512,0,2,FALSE
B093H93P7X,75999,4,2,8,2,1,3,4,1920,1080,32.1,21.1,1.8,1.5,512,0,2,FALSE
B0C1GLHDJJ,123201,5,2,16,2,12,3,9,2880,1800,41.4,28.3,7.7,1.39,512,0,0,FALSE
B0BVWFFR9Q,292077,5,2,32,2,1,3,5,2560,1440,39.7,26.2,2.7,2.76,1,1,0,FALSE
B0B4SNT59G,119990,5,2,16,2,10,3,1,2560,1440,35.4,25.1,2,2,1,1,2,FALSE
B0BSH3JFP2,122990,5,2,16,2,1,0,9,2880,1800,31.2,22.4,1.1,1.17,512,0,0,FALSE
B0BHK7LZZS,24480,5,2,4,2,2,3,9,1366,768,32.5,21.7,1.8,1.3,256,0,2,FALSE
B0B1M9V5KT,65444,5,2,8,2,1,3,4,1920,1080,35.9,24.2,1.8,1.69,512,0,0,TRUE
B0BP1FBF61,43990,5,2,8,2,1,3,5,1920,1080,32.5,21.6,1.7,1.41,512,0,0,FALSE
B0B56C76QK,59508,5,2,8,2,6,3,2,1920,1200,31.3,22.5,1.7,1.5,512,0,2,FALSE
B0BV6TFT54,63990,5,2,16,0,6,3,9,1920,1080,46,28.9,6.4,1.8,512,0,0,FALSE
B0BLNYWN7M,88790,5,2,16,2,6,3,9,1920,1080,35.9,25.6,2.3,2.3,512,0,2,FALSE
B0B8NVNGZT,19499,4,2,8,2,1,3,4,1366,768,38.1,25.4,5.08,1.76,512,0,0,FALSE
B0C2YLR7YW,132940,5,2,16,2,1,3,5,1920,1080,50,30,7,1.32,512,0,0,FALSE
B0B9YHX39M,34990,5,2,8,2,2,3,4,1920,1080,36.2,25.3,2,1.7,256,0,2,TRUE
B09GVLLVLZ,67490,5,2,8,2,1,3,4,1920,1080,36,23.6,2.3,2.23,512,0,0,FALSE
B09VT6BVJF,51490,5,2,8,2,1,3,2,1920,1080,32.2,20.9,1.9,1.52,512,0,0,TRUE
B0C3RCZ1P6,52490,5,2,16,0,1,3,5,1920,1080,52.1,31,7.2,1.6,512,0,0,FALSE
B09QD5B13K,37990,4,2,8,2,1,2,4,1920,1080,31.9,22,16.9,1.3,512,0,2,FALSE
B0B8NWYD92,17777,4,2,8,2,1,3,4,1366,768,38.1,25.4,5.08,1.76,256,0,0,FALSE
B0B56CZ8Y1,97000,5,2,16,0,8,3,3,1920,1080,36,25.2,2.4,2.25,512,0,2,FALSE
B0B5B3DWP7,69990,5,2,16,2,1,3,4,1920,1080,32.2,21,2,1.41,512,0,0,FALSE
B0C1GH5V79,112450,5,2,16,2,12,3,2,2880,1800,41.2,28.3,7.4,1.5,512,0,0,FALSE
B0C1GGZYS5,37870,5,2,8,2,8,3,9,1920,1080,28,26,1.5,1.63,512,0,0,FALSE
B0B3N7GVS6,80070,5,2,16,2,1,3,5,2240,1400,32.5,21.6,1.7,1.41,512,0,0,FALSE
B0B65NN833,19990,1,2,4,0,1,2,4,1920,1080,33,23,2,1.59,256,0,2,FALSE
B09VDRYDP3,142000,5,2,16,2,1,2,4,1920,1080,32.9,22.7,1.79,1.53,512,0,0,FALSE
B097C2D9QD,67380,4,2,8,0,1,3,4,1920,1080,35.6,22.9,1.8,1.63,512,0,0,FALSE
B0BQN1QD8K,41990,5,2,8,2,1,3,5,1920,1080,35.9,24.2,1.8,1.75,1,1,0,FALSE
B0B5QT2YMW,159990,4,2,16,2,1,2,4,1920,1080,36.65,25,2.27,2.07,1,1,0,FALSE
B0BSF3ZSXD,66600,5,2,16,2,10,3,9,1920,1080,32,25,3,1.6,512,0,0,FALSE
B0B1DTJ9GX,118990,5,2,8,0,8,4,4,2256,1504,34,24.4,1.5,1.54,256,0,0,FALSE
B09JFD8QBL,99990,5,2,16,2,8,3,3,1920,1080,36.2,26.1,2.6,2.4,512,0,2,FALSE
B0B5R93RSL,70899,5,2,8,2,1,3,5,1921,1080,35.8,25.5,2.4,2.37,512,0,0,FALSE
B096W33V4T,39999,5,2,8,2,2,2,4,1920,1080,35.92,23.58,1.99,1.7,256,0,2,TRUE
B0B93WJV6Z,281990,5,2,32,2,14,3,1,2560,1440,35.4,25.9,2.3,2.3,1,1,2,FALSE
B0BWY1JXPT,34990,5,2,8,0,8,3,5,1366,768,35.84,20.45,1.8,1.86,512,0,2,FALSE
B0C3CNRQD1,34990,5,2,8,2,2,3,9,1920,1080,45.6,27.9,6.7,1.6,512,0,0,FALSE
B0C3CLH1PV,30490,5,2,8,2,1,3,5,1366,768,52.1,30.7,6.9,1.69,512,0,0,FALSE
B08BXZLKN4,46999,4,0,8,2,4,2,4,1920,1080,32.7,24.1,2,1.6,1,1,0,TRUE
B0B63Y75P9,35990,5,2,8,2,1,3,5,1920,1080,32.5,21.6,1.7,1.41,256,0,0,TRUE
B0C1GJ38ZC,66300,5,2,16,2,10,3,9,1920,1080,46,24,10.5,1.6,512,0,0,FALSE
B0BLP44F62,146500,5,2,16,0,8,3,9,1920,1080,35.4,25.9,2.3,2.3,1,1,2,FALSE
B0BHYQNX98,65500,5,2,8,2,1,3,4,1280,800,35.6,25.1,1.8,1.91,512,0,0,FALSE
B0C5T879ZT,42049,5,2,8,2,10,3,9,1920,1080,48.4,31.4,6.6,1.7,512,0,2,TRUE
B09NLS7RWY,44150,4,2,8,2,1,3,4,1920,1080,90.9,59.7,4.8,1.8,256,0,0,FALSE
B0C49BQVYD,46990,1,2,8,0,1,3,5,1920,1080,48.4,31,6.9,1.37,512,0,0,FALSE
B0BXLP2H4W,67990,5,2,16,0,1,3,5,1920,1200,30.9,20.5,1.7,0.97,512,0,0,TRUE
B0BLP3842Z,59200,5,2,8,0,6,3,9,1920,1080,39.9,26.8,2.4,2.6,512,0,2,FALSE
B09Y98RGG2,85990,5,2,16,2,1,3,5,1920,1080,36,23.4,1.8,1.75,1,1,0,TRUE
B0B45RSRQL,57990,5,2,8,2,1,1,4,1920,1080,36.3,23.8,1.8,1.8,512,0,0,TRUE
B0BSFZQKNK,90990,5,2,16,0,1,3,5,1920,1080,37,26.2,2.4,2.48,512,0,0,FALSE
B0BHZJKR9N,53999,5,2,16,2,1,2,6,3200,2000,31.6,22,1.7,1.4,512,0,0,TRUE
B09LYJMJYR,16490,4,2,4,0,1,2,4,1024,768,32.1,22.5,2,1.3,128,0,0,FALSE
B0C3RCR4K7,41990,5,2,8,0,1,3,5,1920,1080,52.29,30.9,7.2,1.6,512,0,0,FALSE
B0C1GGKYZ5,94990,5,2,16,2,12,3,9,2880,1800,41.1,28.4,7.6,1.39,512,0,0,FALSE
B097SZTNJ3,62690,4,2,8,2,1,3,4,1920,1080,35.8,23.5,1.9,1.85,1,1,0,TRUE
B09VQ21TW4,86680,5,2,16,2,1,3,2,1920,1080,32.2,20.9,2,1.52,512,0,0,FALSE
B09MN9HLNC,33990,5,0,4,2,10,3,9,1920,1080,32.5,21.6,2,1.55,1,1,2,FALSE
B0BS9GCYRN,159990,5,2,16,2,1,0,2,2880,1800,35.5,25.2,1.3,1.66,512,0,0,FALSE
B09WN8FF5T,73990,5,2,8,2,1,1,4,1920,1080,36,27.1,2.6,2.5,512,0,0,TRUE
B0B8HDDNFK,36490,5,2,8,0,1,3,4,1920,1080,32.3,22,2.3,1.48,256,0,0,FALSE
B0B8RRD7P2,15998,4,0,8,2,1,2,4,1366,768,38.1,25.4,5.08,1.9,320,0,0,FALSE
B0BTVMBLZC,42990,5,2,8,2,6,3,9,1920,1080,36,23.3,2,1.7,512,0,0,FALSE
B0C3MHK1HV,47990,5,2,8,2,1,3,5,1920,1080,52.1,32.29,7.3,1.6,512,0,0,FALSE
B0C46KHWR8,20001,1,2,4,0,1,3,5,1366,768,45.1,31.2,6.9,1.47,256,0,2,FALSE
B0BSNM47LZ,132990,5,2,16,2,1,0,2,1920,1080,35.5,22.8,1.4,1.49,512,0,0,FALSE
B09Q69VKPS,63480,4,2,8,2,1,2,4,1920,1080,35.7,23.5,1.9,1.7,1,1,0,FALSE
B0B3JMWM7P,20904,5,2,8,2,1,3,4,1366,768,38.1,22.86,2.54,1.76,256,0,0,FALSE
B07M9SN277,27550,0,2,4,1,2,4,4,1366,768,29.21,19.81,2.03,1.18,32,0,2,TRUE
B08GYH6HKN,82990,4,2,8,0,8,2,4,1920,1080,35.7,24.8,2.8,1.96,512,0,2,TRUE
B099F6BLDC,41370,4,2,8,2,1,2,4,1920,1080,31.8,21.8,1.6,1.28,8,0,0,TRUE
B09BYZ5H4G,49999,4,2,8,2,1,2,4,1920,1080,32.4,21.5,1.9,1.6,256,0,0,FALSE
B0B1MB6V7J,63000,5,2,8,2,1,3,4,1920,1080,32.5,21.7,1.7,1.41,512,0,0,FALSE
B0933L1RWD,74895,5,2,8,0,6,5,9,2256,1504,30.7,22.4,1.5,1.26,256,0,0,FALSE
B0B7RZCXS9,114990,5,2,16,2,12,4,7,2880,1800,31.7,22,1.7,1.42,512,0,2,FALSE
B0BCKKNSN8,147990,5,2,32,0,8,3,2,1920,1200,29.9,22.2,1.6,1.3,1,1,2,FALSE
B0BDQDTT2Q,283889,5,2,32,2,14,3,1,2560,1440,35.4,25.9,2.3,2.3,1,1,2,FALSE
B0B2WS31S2,91199,5,2,16,2,1,3,2,1920,1080,35.6,25.1,1.8,2.1,512,0,0,FALSE
B09RP768N7,28480,3,2,4,2,1,3,4,1366,768,29.5,21.5,2.1,1.4,128,0,0,FALSE
B09TP13BDV,362033,3,2,32,2,1,3,4,1920,1080,35.9,27.7,1.6,2.34,1,1,0,FALSE
B0B467LX7D,272490,5,2,16,2,1,3,4,3840,2160,37.4,24.8,2,2.42,1,1,0,FALSE
B0BJL73VH7,94990,5,2,16,0,1,4,4,1920,1080,42.6,31,10.6,2.5,2,1,0,FALSE
B0839LB5D6,63000,4,0,8,2,1,3,1,1920,1080,33.9,24.2,2.1,1.66,1,1,0,TRUE
B0BPSFKR7K,36990,1,2,8,2,1,3,5,1366,768,44,31,7.2,1.47,512,0,0,FALSE
B0BLH4L164,46800,5,2,8,2,4,3,9,1920,1080,36,23.5,2,1.8,512,0,2,FALSE
B0C3D6NMJ3,40480,5,2,8,2,1,3,5,1920,1080,50,30,7,1.69,512,0,0,FALSE
B0BCKNDQMH,209990,5,2,16,0,8,3,2,3840,2400,29.9,22.2,1.6,1.3,1,1,2,FALSE
B0C1GGJCSF,59990,5,2,8,2,10,3,9,1920,1080,48.29,29.5,6.4,1.7,512,0,0,FALSE
B0BRYXLCZM,105990,5,2,16,2,14,3,9,2880,1800,19,10,4,1.7,512,0,0,FALSE
B0BCKJTTP4,157900,5,2,32,0,8,3,2,3840,2400,29.9,22.2,1.6,1.3,1,1,2,FALSE
B09NLS8HWD,49990,4,2,8,2,1,3,4,1920,1080,90.9,59.7,4.8,1.8,256,0,0,FALSE
B095KP1TJM,61000,4,2,8,2,4,3,9,1920,1080,32.2,21.2,2,1.39,512,0,2,TRUE
B0BSX9LTCG,72990,5,2,16,0,8,3,9,1920,1080,46.2,29.1,6.6,1.8,512,0,0,FALSE
B0BH4RYSV8,73490,4,2,16,2,1,3,4,1920,1080,35.8,23.4,2,1.65,512,0,0,FALSE
B0BHZM89M6,55999,5,2,16,2,1,2,6,3200,2000,35,24.2,1.8,1.7,512,0,0,TRUE
B0C1GGC7C8,47990,5,2,8,2,8,3,9,1920,1080,48,29.5,6.4,1.63,512,0,0,FALSE
B0BHHBHZDG,48990,5,2,8,2,6,3,9,2880,1800,31.7,22.2,2,1.6,512,0,2,FALSE
B0B2X1CHQ1,107990,5,2,16,2,1,3,4,1920,1080,31.4,22.7,1.8,1.57,512,0,0,FALSE
B091CP32S3,66199,4,2,16,0,8,3,9,1920,1080,31.9,21,1.4,1.22,1,1,2,FALSE
B09QSR2QVG,95225,3,2,16,0,1,1,4,1920,1080,32.3,21.2,1.8,1.39,1,1,0,FALSE
B09RK951SL,54990,3,2,8,2,1,1,4,1920,1080,36.3,25.5,2.1,2.15,512,0,0,FALSE
B08VRSHJKL,61620,4,2,8,2,4,3,4,1920,1200,36.4,24.9,1.8,1.83,1,1,2,TRUE
B0B93YGQY5,225000,5,2,32,2,14,3,1,2560,1440,35.4,25.9,2.3,2.3,1,1,2,FALSE
B08GG8WCW7,72490,4,1,8,0,1,3,4,1920,1080,36.3,26,2.4,2.3,256,0,2,TRUE
B09Y985TSS,75070,5,2,16,2,1,3,5,1920,1080,36,23.4,1.8,1.75,512,0,0,TRUE
B0C1YWXN9Q,81990,5,2,16,0,8,3,9,1920,1080,46.5,29,6.4,1.65,1,1,0,FALSE
B0BS9GT77Q,170990,5,2,16,2,1,0,2,2880,1800,35.5,25.2,1.3,1.66,1,1,0,FALSE
B0C1GGG789,64990,5,2,16,2,12,3,9,1920,1080,48.5,29.5,6.7,1.7,512,0,0,FALSE
B0BP2M7CCS,41990,5,2,8,2,1,3,5,1920,1080,35.9,24.2,1.8,1.69,512,0,0,TRUE
B0BTWFM4FS,47990,5,2,8,0,4,3,9,1920,1080,32.5,21.4,1.8,1.38,512,0,0,FALSE
B0BZYTVPR2,39490,5,2,8,0,1,3,5,1920,1080,52.2,32.4,6.8,1.69,512,0,0,TRUE
B097SYN9VT,91999,4,2,16,2,1,3,4,1920,1080,29.5,19.8,1.5,1.2,512,0,0,FALSE
B09S6VFFK5,52990,5,2,8,0,1,2,4,1920,1080,35.6,23.3,1.9,1.6,512,0,2,FALSE
B08Y927FK4,52400,4,2,4,2,1,2,4,1920,1080,36.5,24,1.9,1.7,256,0,2,FALSE
B09RQK4HJY,67200,5,2,8,2,4,3,2,1920,1080,32.4,22,1.9,1.5,512,0,2,FALSE
B0BP2LCWXB,60990,5,2,8,2,1,3,5,1920,1080,32.4,22.5,1.8,1.46,512,0,0,FALSE
B09VH1YWT5,88152,3,2,16,0,1,3,4,1920,1080,31.4,22.7,1.6,1.63,512,0,0,FALSE
B0B1J9JFRD,123966,5,2,16,0,8,1,3,1920,1080,46.7,33.29,9,2.3,1,1,2,FALSE
B0C1GGVD6H,97990,5,2,16,2,12,3,9,2880,1800,41.5,29,7.5,1.39,512,0,0,FALSE
B0BFDH5G3V,15998,4,0,8,2,1,3,4,1366,768,38.1,25.4,5.08,1.76,500,0,0,FALSE
B0BM6CRHGC,35990,5,2,8,2,2,3,5,1366,768,35.8,24.2,2.1,1.74,512,0,0,FALSE
B0B93WLZ12,154990,5,2,16,2,14,3,1,2560,1600,35.5,24.3,2,2,512,0,2,FALSE
B0B7RY8NQ7,39990,5,2,8,2,2,3,7,1920,1080,32.4,21.6,2,1.41,512,0,2,FALSE
B0B63YHR2Z,124990,5,2,16,2,1,3,2,3000,2000,29.8,22,1.6,1.34,512,0,0,FALSE
B0B5DRTH1L,178500,5,2,16,2,1,3,4,3840,2160,29.5,19.9,1.5,1.24,1,1,0,FALSE
B0B46B9TH6,101990,5,2,16,2,1,3,2,1920,1080,31.4,22.7,1.8,1.57,512,0,0,FALSE
B09STP52KH,25990,5,0,4,0,1,1,4,1366,768,32.8,23.6,2,1.9,1,1,0,TRUE
B09NGMBZGB,16908,4,2,8,2,1,3,4,1920,1080,33.4,23.1,2.7,2.6,256,0,0,TRUE
B0BLH68TLL,74990,5,2,8,2,12,3,2,1920,1200,31.3,22.8,1.9,1.5,512,0,2,FALSE
B0C37C3THC,119990,5,2,16,2,14,3,9,1920,1200,49.2,31.1,6.4,1.8,1,1,0,FALSE
B0B1DS634H,74700,5,2,8,0,6,5,9,2560,1080,30.7,22.4,1.5,1.26,256,0,0,FALSE
B0BSL766TD,67990,5,2,16,2,1,3,5,1920,1080,36,23.4,1.8,1.75,512,0,0,FALSE
B0BTWGJTH9,76900,5,2,16,0,6,3,2,1920,1200,31.3,22.8,1.9,1.5,512,0,0,FALSE
B0B4689YNL,76790,5,2,16,2,1,3,4,1920,1080,35.6,25.1,1.8,1.91,512,0,0,FALSE
B09LRZ653Q,14999,4,2,8,2,1,3,4,1366,768,35.56,25.4,2.54,1.5,256,0,0,FALSE
B0B468SB8G,38490,5,1,8,2,1,1,4,1920,1080,35.8,23.5,1.9,1.8,512,0,0,TRUE
B0C3V556WG,73990,5,2,16,2,1,3,5,1920,1080,52.1,30.8,6.9,1.75,1,1,0,FALSE
B0B53D62F9,58990,5,2,16,2,1,3,5,1920,1080,35.7,23.5,1.9,1.7,64,0,2,FALSE
B09R1L73TM,44990,5,2,8,0,1,3,4,1920,1080,32.4,22.5,1.8,1.46,512,0,0,TRUE
B0C1GF5YVZ,48990,5,2,8,2,6,3,9,1920,1080,43,23,20,1.6,512,0,0,FALSE
B09G9Z32KW,59500,4,2,16,2,4,3,7,1920,1080,35.7,23.1,1.9,1.66,512,0,2,TRUE
B0B6GGTHHR,191990,5,2,32,0,8,3,4,2560,1600,36,26.2,2,2.49,1,1,2,TRUE
B0C1GHYTK5,128280,5,2,16,2,12,3,2,2880,1800,14.33,10.04,2.52,1.5,512,0,0,FALSE
B0BH4T6T6Z,60750,4,2,8,2,1,3,4,1920,1080,35.8,23.5,2.1,1.65,256,0,0,FALSE
B098F7RXYR,58990,4,2,16,2,4,4,4,1920,1080,35.9,23.5,1.8,1.8,512,0,2,TRUE
B08PPJ2HHM,75199,4,2,8,2,6,4,4,1920,1080,36,27.5,2.6,2.3,512,0,2,FALSE
B09F3QKQH6,110500,4,2,16,2,1,3,4,1920,1080,32.1,21.1,1.8,1.5,512,0,0,FALSE
B0B469F1PN,34990,5,2,8,2,1,3,4,1920,1080,32.3,22,2.3,1.48,256,0,0,FALSE
B09W99QWTD,442605,4,1,64,2,1,1,4,3840,2160,40,31.9,3.5,3.9,1,1,0,FALSE
B09FHT8219,61850,4,2,16,2,4,3,7,1920,1080,35.7,23.3,2,1.66,512,0,2,TRUE
B0B93WL73K,359990,5,2,32,2,16,3,1,2560,1440,39.5,28.2,2.3,3,2,1,2,FALSE
B0BTWCJNXD,101990,5,2,16,0,8,3,9,2880,1800,31.4,22.1,1.7,1.35,512,0,0,FALSE
B0C596FJ6K,77960,5,2,16,2,1,3,5,1920,1080,50,30,7,1.47,512,0,0,FALSE
B0B97D4KXN,35990,5,2,8,0,2,3,9,1920,1080,36,23.5,2,1.8,512,0,2,FALSE
B0BRT8PGFB,51990,5,2,8,2,1,3,5,1920,1080,35.9,24.2,1.8,1.69,512,0,0,TRUE
B0BF8Z1WCV,22588,4,2,16,2,1,2,4,1366,768,38.1,25.4,5.08,1.5,256,0,0,FALSE
B09X7CZW6C,28500,5,1,4,2,1,1,4,1366,768,32.8,23.6,2,1.45,2,1,0,FALSE
B0C1GGK8G1,134990,5,2,16,2,12,3,2,2880,1800,41.2,28.5,7.6,1.5,1,1,0,FALSE
B0C2Z6Y742,58990,5,2,16,2,1,3,5,1920,1080,55.1,35,7.2,2.48,512,0,0,FALSE
B0BC8L45RJ,35999,5,2,8,0,1,2,4,1920,1080,35.9,23.6,2,1.7,256,0,2,TRUE
B0C37G1BPL,64990,5,2,8,2,8,3,9,1920,1200,48.79,31.1,6.9,1.8,512,0,0,FALSE
B0BCKLSZ84,264990,5,2,32,0,8,3,2,3840,2400,29.9,22.2,1.6,1.3,1,1,2,FALSE
B09Y8W454V,83990,5,2,16,2,1,1,4,1280,720,35.9,25.9,2.5,2.6,1,1,2,TRUE
B0BSH5Q4QQ,144990,5,2,16,2,1,0,9,2880,1800,35.5,25.1,1.3,1.56,512,0,0,FALSE
B0B8ZMNZ6L,88900,5,2,16,2,1,2,4,1280,720,39.8,27.3,2.5,2.6,512,0,2,FALSE
B0BRY1GJC2,48470,5,2,8,2,6,3,9,1920,1080,17.5,10.5,5,1.6,512,0,0,FALSE
B0BD7V6JW8,67999,5,2,16,2,1,2,6,2560,1600,31.6,22,1.7,1.5,512,0,0,TRUE
B0C1GJZYG4,57990,5,2,16,0,4,3,9,1920,1080,48.1,28.8,6.4,1.63,512,0,0,FALSE
B09NLQTCVK,71500,5,2,16,2,1,3,4,1920,1080,90.4,58.2,4.5,1.64,512,0,0,TRUE
B0B1Q91RQ5,71990,5,2,16,2,12,3,9,1920,1080,36,23.3,1.9,1.8,512,0,2,FALSE
B0BH6QPVVF,58990,5,2,16,0,8,3,9,1920,1200,35.8,24.8,2,1.88,512,0,2,FALSE
B09F3S4QRZ,45500,4,2,8,0,1,3,4,1920,1080,32.8,23.9,2,1.59,256,0,0,FALSE
B0BS9GGMW5,153890,5,2,16,2,1,0,2,2880,1800,35.5,25.2,1.3,1.66,512,0,0,FALSE
B0BTWBCMBQ,91950,5,2,16,0,6,3,9,2880,1800,31.4,22.1,1.7,1.35,1,1,0,FALSE
B0C5988M3D,66280,5,2,16,2,1,3,5,1366,768,50,30,7,1.47,512,0,0,FALSE
B0C2HZYM87,71990,5,2,16,2,1,3,5,1920,1080,52.6,31.4,6.8,2.37,512,0,0,TRUE
B0BTWCHKV8,89500,5,2,16,0,6,3,9,2880,1800,31.4,22.1,1.7,1.35,512,0,0,FALSE
B09M3F25JV,65000,3,2,8,0,1,1,4,1920,1080,36.3,25.1,1.8,1.76,512,0,0,FALSE
B09VZ21GT8,57990,5,2,16,2,4,3,9,1920,1080,32.4,21.5,1.8,1.4,512,0,2,FALSE
B0C1BJV1BQ,78929,5,2,16,0,1,1,4,1920,1080,54.7,34.9,8.9,2.5,512,0,0,FALSE
B09RX285W1,103190,5,2,16,0,1,3,4,1920,1080,36.9,24.5,2.3,2.32,1,1,0,FALSE
B0B56ZQ95M,71990,5,2,16,0,8,1,3,1920,1080,35.9,25.6,2.28,2.3,512,0,2,TRUE
B09SB3GML9,46680,1,2,8,2,1,1,4,1920,1080,32.4,21.5,2,1.6,512,0,2,FALSE
B0BCG2V6X3,179000,5,2,16,2,1,3,4,3840,2160,29.5,19.9,1.5,1.24,512,0,0,FALSE
B0BWS5BRDV,75990,5,2,16,0,8,3,9,1920,1080,36,23.4,1.9,1.8,512,0,2,FALSE
B09BVYXPWP,39999,4,2,4,2,1,2,4,1920,1080,35.9,23.6,2,1.7,256,0,2,FALSE
B097T1WN1Y,59000,4,2,8,2,1,3,4,1920,1080,32.8,23.9,2,1.59,1,1,0,TRUE
B0B63Z1JYR,136990,5,2,16,2,1,3,5,3840,2400,30.6,19.4,1.6,1.32,512,0,0,FALSE
B0B2WNFYR1,59800,5,2,8,2,1,3,4,1920,1080,32.8,23.9,2,1.59,512,0,0,FALSE
B09WBZS834,98500,5,2,16,2,14,1,4,1920,1080,35.4,25.1,2.49,2.2,512,0,2,TRUE
B0BWNJS81C,74990,5,2,8,0,1,1,4,1920,1080,36,27.1,2.6,2.5,512,0,0,FALSE
B08CS861RB,48990,4,2,8,0,6,3,9,1920,1080,32.4,21.3,1.7,1.4,512,0,2,FALSE
B0B8SNZLQL,199480,5,2,16,2,14,4,4,3840,2400,36.2,26.4,2.1,2.4,1,1,2,FALSE
B0C3D99LTP,69990,5,2,16,2,1,3,5,1920,1080,52,31,7,1.69,512,0,0,TRUE
B0BPQRH9W5,19780,4,2,4,0,1,2,4,1366,768,33,23,2,1.59,256,0,2,FALSE
B0B3XN9LKD,59076,3,2,8,2,1,1,4,1920,1080,32.8,23.6,2,1.6,512,0,0,FALSE
B09F5KMH9L,42900,5,2,16,2,2,3,4,1920,1200,35.84,23.55,1.88,1.85,1280,0,3,TRUE
B09NNM84HX,48400,3,0,8,2,1,3,4,1920,1080,32.8,22.3,1.8,1.55,1,1,0,TRUE
B09WKQ8YN6,23800,5,0,4,2,2,3,9,1366,768,36,23.5,2,1.8,1,1,2,FALSE
B08CG3TFM1,72500,4,2,8,0,6,3,1,1920,1080,32.4,22,2,1.7,512,0,2,TRUE
B0B61GC7FP,41490,5,2,8,2,1,3,4,1920,1080,52.6,37.4,7.3,1.7,512,0,0,FALSE
B0BDQ35FN2,59767,4,2,16,2,4,4,4,1920,1080,35.9,23.5,1.8,1.8,512,0,2,FALSE
B08Y6XG7K1,57000,4,0,8,2,4,3,4,1920,1200,36.4,24.9,2,1.8,1,1,0,TRUE
B0BTHR7HBT,39990,5,2,8,2,1,3,5,1920,1080,35.9,24.2,2,1.75,256,0,0,FALSE
B0B49LZH1F,59990,5,2,8,0,6,3,9,2880,1800,31.6,22.6,1.9,1.4,512,0,0,FALSE
B0BSNMWS9B,119990,5,2,16,2,1,0,2,1920,1080,35.5,22.8,1.4,1.49,512,0,0,FALSE
B09GW5XW3G,168147,4,2,32,2,10,3,4,1920,1080,73.66,73.66,73.66,2.41,512,0,0,FALSE
B09MLQPYBF,49800,3,2,8,2,1,1,5,1920,1080,36.3,23.9,1.8,1.8,512,0,0,TRUE
B09Y996MQN,74990,5,2,16,2,1,3,5,1920,1080,36,23.4,1.8,1.75,512,0,0,TRUE
B0B7RT53S1,55990,5,1,8,0,6,3,7,1920,1080,36,25.2,2.4,2.25,1,1,2,TRUE
B0B467R5NM,82000,5,2,8,2,1,3,4,1920,1080,31.4,22.7,1.8,1.57,512,0,0,FALSE
B0B56CZFTG,194990,5,2,32,2,8,3,3,2560,1600,35.6,26.4,2.6,2.3,1,1,2,FALSE
B09GKP26SV,22490,0,2,4,3,1,3,5,1366,768,28.5,19.3,1.7,1.05,64,0,2,TRUE
B0B3J1S3X1,80070,5,2,16,2,1,3,5,2240,1400,32.5,21.6,1.7,1.41,512,0,0,TRUE
B0B1MDHJCC,62490,5,2,8,2,1,3,4,1920,1080,32.5,21.7,1.7,1.41,512,0,0,TRUE
B0C1GM4C6V,30990,5,2,8,2,2,3,9,1366,768,48.6,29,6.7,1.8,512,0,0,TRUE
B09MM8DNTN,29999,4,2,4,2,1,3,4,1366,768,29.5,21.5,2.1,1.4,128,0,0,FALSE
B0BP6V78F4,82490,5,2,16,2,1,3,4,2880,1800,31.5,22.4,1.8,1.4,512,0,0,TRUE
B0BSFZ3ZS6,59990,5,2,8,2,1,3,5,1920,1080,37,26.2,2.4,2.48,512,0,0,FALSE
B09RZKS4R9,36990,5,1,4,0,1,1,4,1920,1080,36.3,25.1,2,1.9,2,1,0,TRUE
B0BMPP7SL5,23990,5,2,4,2,2,3,9,1366,768,32.5,21.7,1.8,1.3,256,0,2,FALSE
B09NLS7RWY,44050,4,2,8,2,1,3,4,1920,1080,90.9,59.7,4.8,1.8,256,0,0,FALSE
B08GG8WCW7,68990,4,1,8,0,1,3,4,1920,1080,36.3,26,2.4,2.3,256,0,2,TRUE
B09XXNKLBF,94790,5,2,16,2,1,3,4,1920,1080,35.7,27.2,2.7,2.81,512,0,0,FALSE
B0BY31M1T6,429990,5,2,32,0,16,3,9,2560,1600,35.5,26.6,3,2.67,2,1,2,FALSE
B0B8ZMNZ6L,98500,5,2,16,2,1,2,4,1280,720,39.8,27.3,2.5,2.6,512,0,2,FALSE
B09M4125VN,99150,5,2,16,0,8,3,2,2240,1400,30.8,20.7,1.8,1.31,1,1,2,TRUE
B096SLFV5G,62749,4,2,16,2,4,3,9,1920,1080,35.7,23.3,1.8,1.66,512,0,2,TRUE
B0B7SQPJPL,72990,5,2,16,2,12,3,9,1920,1080,36,23.3,1.9,1.8,512,0,2,FALSE
B0B91KS5HK,82000,5,2,16,2,1,2,4,1920,1080,35.9,25.9,2.5,2.6,512,0,2,TRUE
B0933L1RWD,74990,5,2,8,0,6,5,9,2256,1504,30.7,22.4,1.5,1.26,256,0,0,FALSE
B07QTP1BRM,85990,4,2,8,2,8,2,4,1920,1080,31.5,31.5,21.2,1.35,512,0,2,FALSE
B09X79JDC5,75990,3,2,8,2,1,1,4,1920,1080,36,27.1,2.6,2.5,512,0,0,TRUE
B0999BYH8Z,61150,4,2,16,2,4,2,4,1920,1080,35.7,23.3,1.8,1.66,512,0,2,FALSE
B09C5WY7BM,60250,4,2,8,2,4,3,7,1920,1080,32.1,21.2,1.8,1.39,512,0,2,TRUE
B0C2ZC796J,55490,5,2,8,0,1,3,5,1920,1080,52.2,30.9,6.7,2.37,512,0,0,FALSE
B09L55THRG,25990,4,2,8,2,1,3,4,1920,1080,36.4,24.4,2,1.8,256,0,0,TRUE
B09YTV3GW4,116750,5,2,16,0,8,3,9,1920,1080,35.4,25.1,2.2,2.2,1,1,2,FALSE
B0BJ2LZXD9,33527,5,2,8,0,1,3,4,1366,768,35.9,24.2,1.8,1.69,256,0,0,TRUE
B09TPHM8WK,264990,5,2,32,2,14,1,3,2560,1440,35.4,25.9,2.72,2.3,32,0,2,FALSE
B097T1WN1Y,59100,4,2,8,2,1,3,4,1920,1080,32.8,23.9,2,1.59,1,1,0,TRUE
B096W32J51,18980,1,2,4,2,2,3,2,1024,768,32.71,24.1,1.99,1.6,256,0,2,FALSE
B081ZFFJ46,64255,4,2,4,2,2,3,4,1366,768,33.58,23.29,2.03,0.45359,128,0,1,TRUE
B092MRNLLF,80200,4,2,16,2,4,3,9,1920,1080,32,20.8,1.5,1.36,512,0,2,FALSE
B0BHK7LZZS,23799,5,2,4,2,2,3,9,1366,768,32.5,21.7,1.8,1.3,256,0,2,FALSE
B0BWS9YNCX,71990,5,2,16,0,1,3,5,1920,1080,35.8,24,2.3,2.37,512,0,0,TRUE
B0C37C3THC,88990,5,2,16,2,14,3,9,1920,1200,49.2,31.1,6.4,1.8,1,1,0,FALSE
B0B93ZMNWJ,191990,5,2,16,0,8,3,1,1920,1080,39.5,28.2,2.3,2.9,1,1,2,FALSE
B0B7RSF751,64990,5,1,8,2,4,3,7,1920,1080,36,25.2,2.4,2.25,1,1,2,FALSE
B09PYWW22J,112990,5,2,16,0,8,3,8,2880,1800,31.7,22.9,1.8,1.45,1,1,2,FALSE
B0B8NWYD92,18968,4,2,8,2,1,3,4,1366,768,38.1,25.4,5.08,1.76,256,0,0,FALSE
B0B2RWWN9P,36990,5,2,8,0,2,3,9,1920,1080,35.7,23,2,1.68,512,0,2,TRUE
B0BTWCHKV8,89400,5,2,16,0,6,3,9,2880,1800,31.4,22.1,1.7,1.35,512,0,0,FALSE
B0BBN4WKR9,22999,5,2,8,2,1,3,4,1366,768,38.1,25.4,5.08,1.7,256,0,0,FALSE
B0C1GGZYS5,37880,5,2,8,2,8,3,9,1920,1080,28,26,1.5,1.63,512,0,0,FALSE
B081V6W99V,31437,4,3,64,2,2,4,4,1366,768,27.94,19.05,1.7,1.05,64,0,1,TRUE
B0C3D99LTP,69990,5,2,16,2,1,3,5,1920,1080,52,31,7,1.69,512,0,0,TRUE
B0BSNNC21T,129990,5,2,16,2,1,0,2,1920,1080,30.4,20.2,1.3,1.16,512,0,0,FALSE
B0BSH521SV,154990,5,2,16,2,1,0,9,2880,1800,31.2,22.4,1.1,1.17,1,1,0,FALSE
B0BPQRH9W5,19750,4,2,4,0,1,2,4,1366,768,33,23,2,1.59,256,0,2,FALSE
B09Q5F1GTP,60990,5,2,16,2,4,3,9,1920,1080,35.7,23.3,2,1.66,512,0,2,TRUE
B0BT7TSMHQ,38499,1,2,8,0,1,2,4,1920,1080,32,22,2,1,512,0,0,FALSE
B0B9YHX39M,34500,5,2,8,2,2,3,4,1920,1080,36.2,25.3,2,1.7,256,0,2,TRUE
B09WN8FF5T,73990,5,2,8,2,1,1,4,1920,1080,36,27.1,2.6,2.5,512,0,0,TRUE
B0C1GGG789,64990,5,2,16,2,12,3,9,1920,1080,48.5,29.5,6.7,1.7,512,0,0,FALSE
B0B4KD52ZC,54990,5,2,8,2,10,3,7,1920,1080,35.9,23.7,2,1.63,512,0,2,TRUE
B0B74ZY9R1,65990,5,2,8,2,1,3,5,1920,1080,35.8,24,2.3,2.37,512,0,0,TRUE
B0B5DZTNZQ,49990,5,2,8,0,6,1,3,1920,1080,35.9,25.6,2.28,2.3,512,0,2,TRUE
B0B6F6HN37,62290,5,2,16,2,1,3,5,1920,1080,35.8,24.2,1.8,1.69,512,0,0,TRUE
B0B1M9HYBT,66990,5,2,16,2,1,3,4,1920,1080,32.5,21.7,1.7,1.41,512,0,0,TRUE
B0BLP1NHGG,84990,5,2,16,0,8,3,9,1920,1080,35.4,25.9,2.1,2.1,1,1,2,FALSE
B09X79JDC5,75990,3,2,8,2,1,1,4,1920,1080,36,27.1,2.6,2.5,512,0,0,TRUE
B09R1L73TM,44990,5,2,8,0,1,3,4,1920,1080,32.4,22.5,1.8,1.46,512,0,0,TRUE
B0B8ZT96HS,49490,5,2,8,0,6,3,9,1920,1200,35.8,24.8,2,1.8,512,0,2,TRUE
B0C3CLH1PV,30490,5,2,8,2,1,3,5,1366,768,52.1,30.7,6.9,1.69,512,0,0,FALSE
B0B45RSRQL,57990,5,2,8,2,1,1,4,1920,1080,36.3,23.8,1.8,1.8,512,0,0,TRUE
B09YHCTHDY,71990,5,2,8,2,12,4,9,1920,1080,36,23.3,1.9,1.8,512,0,2,TRUE
B0891TPQ5V,17499,4,2,256,2,2,3,4,1366,768,14,12,10,2,256,0,0,TRUE
B0BLH4CHMV,52990,5,2,16,0,6,3,9,1920,1200,35.8,24.8,2,1.88,512,0,2,FALSE
B09ZV5CDWD,49490,5,2,8,0,6,3,8,1920,1200,35.84,24.77,1.99,1.8,512,0,2,TRUE
B0B468SB8G,38490,5,1,8,2,1,1,4,1920,1080,35.8,23.5,1.9,1.8,512,0,0,TRUE
B0BN4JZVRR,53000,5,2,16,2,4,2,4,1920,1080,35.9,23.7,2,1.65,512,0,2,FALSE
B0BRYYGD6Z,65990,5,2,8,2,8,3,9,1920,1080,50.4,30.3,7.5,1.8,512,0,0,FALSE
B0BWF381Z8,54990,5,2,16,0,1,3,4,1920,1080,36,23.4,1.8,1.75,512,0,0,TRUE
B0C3D99LTP,69990,5,2,16,2,1,3,5,1920,1080,52,31,7,1.69,512,0,0,TRUE
B0BLP3842Z,59200,5,2,8,0,6,3,9,1920,1080,39.9,26.8,2.4,2.6,512,0,2,FALSE
B0B5KTSVTG,58990,5,2,16,2,1,1,4,1920,1080,36.3,23.8,1.8,1.8,512,0,0,TRUE
B0BH4T6T6Z,62250,4,2,8,2,1,3,4,1920,1080,35.8,23.5,2.1,1.65,256,0,0,FALSE
B0B469FZ7Q,51550,5,2,8,2,1,3,4,1920,1080,35.8,23.5,1.9,1.8,512,0,0,FALSE
B0B4SNT59G,119990,5,2,16,2,10,3,1,2560,1440,35.4,25.1,2,2,1,1,2,FALSE
B0B1MDHJCC,62490,5,2,8,2,1,3,4,1920,1080,32.5,21.7,1.7,1.41,512,0,0,TRUE
B0B1DS634H,73990,5,2,8,0,6,5,9,2560,1080,30.7,22.4,1.5,1.26,256,0,0,FALSE
B0C1GF7C4S,38890,5,2,8,2,8,3,9,1920,1080,48,28,6,1.63,512,0,0,FALSE
B0B4689YNL,77990,5,2,16,2,1,3,4,1920,1080,35.6,25.1,1.8,1.91,512,0,0,FALSE
B0BHK7LZZS,23790,5,2,4,2,2,3,9,1366,768,32.5,21.7,1.8,1.3,256,0,2,FALSE
B0B911ML5C,88900,5,2,16,2,1,2,4,1280,720,35.9,25.9,2.5,2.25,512,0,2,FALSE
B09STP52KH,27990,5,0,4,0,1,1,4,1366,768,32.8,23.6,2,1.9,1,1,0,TRUE
B0BWS9YNCX,55490,5,2,16,0,1,3,5,1920,1080,35.8,24,2.3,2.37,512,0,0,TRUE
B0BFDH5G3V,15999,4,0,8,2,1,3,4,1366,768,38.1,25.4,5.08,1.76,500,0,0,FALSE
B0B8S46DWM,16999,5,0,8,2,1,3,4,1366,768,38.1,25.4,5.08,1.76,320,0,0,FALSE
B08KHWLFXJ,63536,0,2,4,2,2,3,0,1360,768,32.51,22.61,1.88,1.65,128,0,1,FALSE
B097SYN9VT,99999,4,2,16,2,1,3,4,1920,1080,29.5,19.8,1.5,1.2,512,0,0,FALSE
B08HSNRFTX,51373,4,0,128,2,2,3,4,1366,768,35.84,23.55,1.73,2,500,0,3,TRUE
B0B7RZCXS9,114999,5,2,16,2,12,4,7,2880,1800,31.7,22,1.7,1.42,512,0,2,FALSE
B0C3V556WG,86990,5,2,16,2,1,3,5,1920,1080,52.1,30.8,6.9,1.75,1,1,0,FALSE
B0B93YGQY5,214990,5,2,32,2,14,3,1,2560,1440,35.4,25.9,2.3,2.3,1,1,2,FALSE
B0BMVRVWF4,61400,5,2,8,0,6,3,9,1920,1080,35.9,25.6,2.3,2.3,1,1,2,FALSE
B08L9QSRCP,28924,0,2,32,2,2,3,0,1920,1080,32.56,21.84,1.78,1.5,32,0,1,TRUE
B096W33V4T,39999,5,2,8,2,2,2,4,1920,1080,35.92,23.58,1.99,1.7,256,0,2,TRUE
B0818MNT4H,88206,4,2,128,2,2,3,4,1366,768,35.84,24.21,1.8,2.2,128,0,0,FALSE
B09GB4WL9S,51500,4,2,4,2,1,2,4,1920,1080,36.5,24,1.9,1.7,256,0,2,FALSE
B07RVDHZCL,57989,4,3,64,0,2,3,4,1366,768,33.78,22.61,1.78,1.32,64,0,1,TRUE
B08RXZCXH6,59080,4,0,8,2,1,3,4,1920,1080,32.9,24,2,1.58,1,1,0,TRUE
B081SM57RY,88429,4,2,512,2,4,3,4,1366,768,35.84,24.21,1.8,1.72,512,0,2,TRUE
B09DMT6V7G,39799,4,2,8,2,2,3,9,1920,1080,36.2,25.3,2,1.7,256,0,2,TRUE
B092PZGYYV,85040,4,2,8,0,8,3,4,1920,1080,35.84,24.13,1.98,2.31,512,0,0,TRUE
B08CS861RB,48990,4,2,8,0,6,3,9,1920,1080,32.4,21.3,1.7,1.4,512,0,2,FALSE
B09V1GMW72,52990,5,2,8,0,1,1,4,1920,1080,32.5,21.7,1.7,1.41,512,0,0,TRUE
B0B4WJK6SF,25990,5,2,4,2,4,3,8,1366,768,32.5,21.7,1.8,1.3,256,0,2,FALSE
B0C5Y3JBC4,56380,5,2,16,2,8,3,9,1920,1080,50.5,35.29,8.8,1.7,512,0,0,FALSE
B08ZMG9K8Y,51802,4,2,64,2,1,2,6,1920,1080,37,30,10.7,1.82,64,0,0,FALSE
B09G9JBTQX,109251,5,2,16,0,1,1,4,1920,1080,32.3,21.2,1.8,1.39,1,1,0,FALSE
B08CMQ3S97,65790,4,2,8,0,6,3,9,1920,1080,31.9,21,1.4,1.22,512,0,2,FALSE
B08H4YTTLP,51018,4,2,128,2,2,4,4,1920,1080,36.07,23.37,1.98,1.8,128,0,2,TRUE
B09GJZYDMV,44608,4,2,4,2,2,3,4,1366,768,32.41,22.5,1.8,1.5,64,0,0,FALSE
B0BSH3JFP2,131990,5,2,16,2,1,0,9,2880,1800,31.2,22.4,1.1,1.17,512,0,0,FALSE
B0999BYH8Z,61050,4,2,16,2,4,2,4,1920,1080,35.7,23.3,1.8,1.66,512,0,2,FALSE
B081Q5K13F,74393,4,2,256,2,4,3,4,1920,1080,32.51,22.61,1.78,1.47,256,0,0,FALSE
B0BRZRGVR8,89990,5,2,16,2,12,3,9,1920,1200,24,8,4,1.8,512,0,0,FALSE
B0B5DZTNZQ,49990,5,2,8,0,6,1,3,1920,1080,35.9,25.6,2.28,2.3,512,0,2,TRUE
B0B8RPDSXP,15561,4,0,4,2,1,2,4,1366,768,38.1,25.4,5.08,1.9,500,0,0,TRUE
B0BWNJS81C,72990,5,2,8,0,1,1,4,1920,1080,36,27.1,2.6,2.5,512,0,0,FALSE
